url,caption,time,tokens
https://www.nba.com/stats/events/?CFID=&CFPARAMS=&GameEventID=464&GameID=0022400366&Season=2024-25&flag=1&title=Jackson%20Jr.%2011%27%20Driving%20Floating%20Jump%20Shot%20(13%20PTS)%20(Pippen%20Jr.%205%20AST),A player with jersey number 15 and jersey color red performed a 2PT Shot that was made and was assisted by player with jersey number 22.,55.80329489707947,30623.0
https://www.nba.com/stats/events/?CFID=&CFPARAMS=&GameEventID=187&GameID=0022400871&Season=2024-25&flag=1&title=Sochan%205%27%20Cutting%20Layup%20Shot%20(7%20PTS)%20(Champagnie%201%20AST),A player with jersey number 30 and jersey color black performed a 2PT Shot that was made.,65.48726797103882,28890.0
https://www.nba.com/stats/events/?CFID=&CFPARAMS=&GameEventID=550&GameID=0022400375&Season=2024-25&flag=1&title=Herro%203%27%20Reverse%20Layup%20(22%20PTS)%20(Smith%203%20AST),A player with jersey number Unknown and jersey color red performed a 2PT Shot that was made.,27.06521701812744,27307.0
https://www.nba.com/stats/events/?CFID=&CFPARAMS=&GameEventID=52&GameID=0022400874&Season=2024-25&flag=1&title=Harden%203%27%20Driving%20Finger%20Roll%20Layup%20(2%20PTS)%20(Powell%201%20AST),A player with jersey number 8 and jersey color blue performed a 2PT Shot that was made.,41.2193238735199,29020.0
https://www.nba.com/stats/events/?CFID=&CFPARAMS=&GameEventID=92&GameID=0022400867&Season=2024-25&flag=1&title=Sharpe%2010%27%20Driving%20Floating%20Jump%20Shot%20(7%20PTS),A player with jersey number 17 and jersey color red performed a 2PT Shot that was made.,20.129390716552734,26448.0
https://www.nba.com/stats/events/?CFID=&CFPARAMS=&GameEventID=155&GameID=0022401216&Season=2024-25&flag=1&title=Green%201%27%20Cutting%20Dunk%20Shot%20(4%20PTS)%20(Theis%201%20AST),A player with jersey number 4 and jersey color purple performed a 2PT Shot that was made.,30.302478075027462,27396.0
https://www.nba.com/stats/events/?CFID=&CFPARAMS=&GameEventID=170&GameID=0022400374&Season=2024-25&flag=1&title=Antetokounmpo%201%27%20Driving%20Layup%20(7%20PTS),A player with jersey number 9 and jersey color black performed a 2PT Shot that was made.,53.8883912563324,30578.0
https://www.nba.com/stats/events/?CFID=&CFPARAMS=&GameEventID=93&GameID=0022400864&Season=2024-25&flag=1&title=Curry%201%27%20Cutting%20Layup%20Shot%20(6%20PTS)%20(Green%202%20AST),A player with jersey number Unknown and jersey color blue performed a 2PT Shot that was made.,44.87279200553894,29911.0
https://www.nba.com/stats/events/?CFID=&CFPARAMS=&GameEventID=38&GameID=0022401224&Season=2024-25&flag=1&title=Mitchell%2015%27%20Turnaround%20Jump%20Shot%20(2%20PTS),A player with jersey number 31 and jersey color white performed a 3PT Shot that was missed.,33.41877508163452,28185.0
https://www.nba.com/stats/events/?CFID=&CFPARAMS=&GameEventID=56&GameID=0022400865&Season=2024-25&flag=1&title=Irving%202%27%20Driving%20Finger%20Roll%20Layup%20(2%20PTS),A player with jersey number 11 and jersey color white performed a 2PT Shot that was made.,29.513455152511597,27676.0
https://www.nba.com/stats/events/?CFID=&CFPARAMS=&GameEventID=580&GameID=0022401218&Season=2024-25&flag=1&title=Sochan%2012%27%20Turnaround%20Jump%20Shot%20(16%20PTS)%20(Wembanyama%205%20AST),A player with jersey number Unknown and jersey color white performed a 3PT Shot that was missed.,52.02880811691284,30708.0
https://www.nba.com/stats/events/?CFID=&CFPARAMS=&GameEventID=192&GameID=0022400433&Season=2024-25&flag=1&title=Williams%204%27%20Running%20Layup%20(2%20PTS)%20(Sexton%204%20AST),A player with jersey number 5 and jersey color purple performed a 2PT Shot that was made.,22.207207202911377,26940.0
https://www.nba.com/stats/events/?CFID=&CFPARAMS=&GameEventID=76&GameID=0022400919&Season=2024-25&flag=1&title=Curry%2019%27%20Step%20Back%20Jump%20Shot%20(5%20PTS)%20(Green%201%20AST),A player with jersey number Unknown and jersey color blue performed a Steal.,83.67181396484375,31978.0
https://www.nba.com/stats/events/?CFID=&CFPARAMS=&GameEventID=245&GameID=0022400862&Season=2024-25&flag=1&title=Sengun%202%27%20Driving%20Dunk%20(14%20PTS),A player with jersey number 17 and jersey color black performed a 2PT Shot that was made.,39.42706370353699,29478.0
https://www.nba.com/stats/events/?CFID=&CFPARAMS=&GameEventID=353&GameID=0022401219&Season=2024-25&flag=1&title=Clingan%203%27%20Layup%20(10%20PTS)%20(Grant%202%20AST),A player with jersey number 23 and jersey color white performed a 2PT Shot that was made.,41.90980505943298,28713.0
https://www.nba.com/stats/events/?CFID=&CFPARAMS=&GameEventID=305&GameID=0022400872&Season=2024-25&flag=1&title=Williamson%207%27%20Driving%20Layup%20(14%20PTS)%20(McCollum%203%20AST),A player with jersey number 1 and jersey color white performed a 2PT Shot that was made.,31.14628005027771,27027.0
https://www.nba.com/stats/events/?CFID=&CFPARAMS=&GameEventID=556&GameID=0022401218&Season=2024-25&flag=1&title=Gobert%201%27%20Alley%20Oop%20Dunk%20(6%20PTS)%20(DiVincenzo%201%20AST),A player with jersey number 5 and jersey color green performed a 2PT Shot that was made and was assisted by player with jersey number 0.,51.437751054763794,30284.0
https://www.nba.com/stats/events/?CFID=&CFPARAMS=&GameEventID=570&GameID=0022400887&Season=2024-25&flag=1&title=McDaniels%2016%27%20Fadeaway%20Jumper%20(17%20PTS)%20(DiVincenzo%207%20AST),A player with jersey number 9 and jersey color blue performed a 2PT Shot that was made.,43.85045123100281,28942.0
https://www.nba.com/stats/events/?CFID=&CFPARAMS=&GameEventID=632&GameID=0022401216&Season=2024-25&flag=1&title=Siakam%203%27%20Finger%20Roll%20Layup%20(22%20PTS)%20(Haliburton%208%20AST),A player with jersey number 0 and jersey color white performed a 2PT Shot that was made.,46.43485975265503,29729.0
https://www.nba.com/stats/events/?CFID=&CFPARAMS=&GameEventID=22&GameID=0022400923&Season=2024-25&flag=1&title=Edey%2011%27%20Floating%20Jump%20Shot%20(2%20PTS)%20(Bane%201%20AST),A player with jersey number 14 and jersey color white performed a 3PT Shot that was missed.,74.16284894943237,32519.0
https://www.nba.com/stats/events/?CFID=&CFPARAMS=&GameEventID=700&GameID=0022400894&Season=2024-25&flag=1&title=Filipowski%203%27%20Layup%20(23%20PTS),A player with jersey number 22 and jersey color white performed a 2PT Shot that was made.,44.451355934143066,27874.0
https://www.nba.com/stats/events/?CFID=&CFPARAMS=&GameEventID=221&GameID=0022401223&Season=2024-25&flag=1&title=Walter%207%27%20Driving%20Floating%20Jump%20Shot%20(4%20PTS),A player with jersey number Unknown and jersey color black performed a 2PT Shot that was made.,45.026673793792725,29453.0
https://www.nba.com/stats/events/?CFID=&CFPARAMS=&GameEventID=524&GameID=0022401218&Season=2024-25&flag=1&title=DiVincenzo%203%27%20Driving%20Layup%20(5%20PTS)%20(Conley%206%20AST),A player with jersey number 1 and jersey color white performed a 2PT Shot that was made.,62.848095178604126,31523.0
https://www.nba.com/stats/events/?CFID=&CFPARAMS=&GameEventID=429&GameID=0022400368&Season=2024-25&flag=1&title=Porter%20Jr.%2013%27%20Step%20Back%20Jump%20Shot%20(4%20PTS),A player with jersey number 77 and jersey color blue performed a 2PT Shot that was made.,24.7136390209198,26610.0
https://www.nba.com/stats/events/?CFID=&CFPARAMS=&GameEventID=381&GameID=0022400864&Season=2024-25&flag=1&title=Oubre%20Jr.%201%27%20Driving%20Reverse%20Layup%20(17%20PTS),A player with jersey number 5 and jersey color white performed a 3PT Shot that was missed.,79.2741711139679,32531.0
https://www.nba.com/stats/events/?CFID=&CFPARAMS=&GameEventID=607&GameID=0022401227&Season=2024-25&flag=1&title=Anthony%202%27%20Driving%20Layup%20(4%20PTS),A player with jersey number Unknown and jersey color blue performed a 2PT Shot that was made.,32.979735136032104,27611.0
https://www.nba.com/stats/events/?CFID=&CFPARAMS=&GameEventID=17&GameID=0022400868&Season=2024-25&flag=1&title=Bulls%20Rebound,A player with jersey number 0 and jersey color red performed a 2PT Shot that was missed.,36.376611948013306,28279.0
https://www.nba.com/stats/events/?CFID=&CFPARAMS=&GameEventID=31&GameID=0022401219&Season=2024-25&flag=1&title=Nurkic%202%27%20Cutting%20Dunk%20Shot%20(3%20PTS)%20(Jones%201%20AST),A player with jersey number 21 and jersey color purple performed a Steal.,65.2898199558258,32069.0
https://www.nba.com/stats/events/?CFID=&CFPARAMS=&GameEventID=47&GameID=0022400910&Season=2024-25&flag=1&title=Vassell%2014%27%20Pullup%20Jump%20Shot%20(4%20PTS),A player with jersey number 24 and jersey color white performed a 2PT Shot that was missed.,49.47715210914612,29761.0
https://www.nba.com/stats/events/?CFID=&CFPARAMS=&GameEventID=412&GameID=0022400402&Season=2024-25&flag=1&title=Beal%208%27%20Driving%20Layup%20(17%20PTS)%20(Jones%202%20AST),A player with jersey number Unknown and jersey color purple performed a 2PT Shot that was made.,42.28714299201965,29291.0
https://www.nba.com/stats/events/?CFID=&CFPARAMS=&GameEventID=785&GameID=0022400919&Season=2024-25&flag=1&title=Cunningham%206%27%20Running%20Layup%20(29%20PTS),A player with jersey number 2 and jersey color blue performed a 2PT Shot that was made.,26.844640970230103,27366.0
https://www.nba.com/stats/events/?CFID=&CFPARAMS=&GameEventID=337&GameID=0022400905&Season=2024-25&flag=1&title=Barnes%2011%27%20Turnaround%20Fadeaway%20(6%20PTS),A player with jersey number 14 and jersey color purple performed a 2PT Shot that was made.,63.41217803955078,28219.0
https://www.nba.com/stats/events/?CFID=&CFPARAMS=&GameEventID=486&GameID=0022401222&Season=2024-25&flag=1&title=Maxey%201%27%20Driving%20Layup%20(30%20PTS)%20(Oubre%20Jr.%204%20AST),A player with jersey number Unknown and jersey color teal performed a Steal.,72.42252111434937,32984.0
https://www.nba.com/stats/events/?CFID=&CFPARAMS=&GameEventID=585&GameID=0022400901&Season=2024-25&flag=1&title=Post%2014%27%20Floating%20Jump%20Shot%20(10%20PTS)%20(Curry%204%20AST),A player with jersey number 23 and jersey color white performed a 3PT Shot that was missed.,127.97615504264832,34375.0
https://www.nba.com/stats/events/?CFID=&CFPARAMS=&GameEventID=73&GameID=0022400885&Season=2024-25&flag=1&title=MISS%20Curry%203%27%20Driving%20Finger%20Roll%20Layup,A player with jersey number 30 and jersey color blue performed a 3PT Shot that was missed.,54.61512303352356,30718.0
https://www.nba.com/stats/events/?CFID=&CFPARAMS=&GameEventID=525&GameID=0022400884&Season=2024-25&flag=1&title=Capela%201%27%20Layup%20(8%20PTS)%20(Young%2010%20AST),A player with jersey number 00 and jersey color white performed a 2PT Shot that was made.,60.0168719291687,29538.0
https://www.nba.com/stats/events/?CFID=&CFPARAMS=&GameEventID=484&GameID=0022400375&Season=2024-25&flag=1&title=J.%20Williams%2012%27%20Pullup%20Jump%20Shot%20(24%20PTS)%20(Caruso%204%20AST),A player with jersey number Unknown and jersey color red performed a 3PT Shot that was missed.,78.31355810165405,33867.0
https://www.nba.com/stats/events/?CFID=&CFPARAMS=&GameEventID=320&GameID=0022400910&Season=2024-25&flag=1&title=LaVine%2017%27%20Fadeaway%20Jumper%20(23%20PTS)%20(Valan%C4%8Di%C5%ABnas%204%20AST),A player with jersey number 17 and jersey color black performed a 2PT Shot that was missed.,45.436983585357666,29816.0
https://www.nba.com/stats/events/?CFID=&CFPARAMS=&GameEventID=448&GameID=0022400887&Season=2024-25&flag=1&title=TIMBERWOLVES%20Rebound,A player with jersey number 11 and jersey color blue performed a 2PT Shot that was missed.,43.504777908325195,29174.0
https://www.nba.com/stats/events/?CFID=&CFPARAMS=&GameEventID=232&GameID=0022400886&Season=2024-25&flag=1&title=Horton-Tucker%201%27%20Driving%20Finger%20Roll%20Layup%20(12%20PTS),A player with jersey number 22 and jersey color white performed a 2PT Shot that was made.,33.70896816253662,26622.0
https://www.nba.com/stats/events/?CFID=&CFPARAMS=&GameEventID=482&GameID=0022401223&Season=2024-25&flag=1&title=MISS%20Vucevic%203%27%20Reverse%20Layup,A player with jersey number 11 and jersey color black performed a Turnover.,36.07336091995239,28407.0
https://www.nba.com/stats/events/?CFID=&CFPARAMS=&GameEventID=399&GameID=0022400367&Season=2024-25&flag=1&title=Randle%202%27%20Running%20Layup%20(23%20PTS)%20(Edwards%206%20AST),A player with jersey number Unknown and jersey color white performed a 2PT Shot that was made.,83.28435134887695,28977.0
https://www.nba.com/stats/events/?CFID=&CFPARAMS=&GameEventID=611&GameID=0022400860&Season=2024-25&flag=1&title=Smith%20Jr.%2015%27%20Pullup%20Jump%20Shot%20(12%20PTS)%20(Green%205%20AST),A player with jersey number 8 and jersey color purple performed a 3PT Shot that was missed.,23.763622760772705,26871.0
https://www.nba.com/stats/events/?CFID=&CFPARAMS=&GameEventID=391&GameID=0022400865&Season=2024-25&flag=1&title=Lillard%208%27%20Running%20Finger%20Roll%20Layup%20(18%20PTS)%20(Prince%204%20AST),A player with jersey number 0 and jersey color green performed a 2PT Shot that was made.,33.59806180000305,27940.0
https://www.nba.com/stats/events/?CFID=&CFPARAMS=&GameEventID=307&GameID=0022400952&Season=2024-25&flag=1&title=McDaniels%203%27%20Running%20Layup%20(8%20PTS)%20(Gobert%202%20AST),A player with jersey number 24 and jersey color white performed a Rebound.,86.12008380889893,32114.0
https://www.nba.com/stats/events/?CFID=&CFPARAMS=&GameEventID=585&GameID=0022400866&Season=2024-25&flag=1&title=Murray%203%27%20Driving%20Layup%20(24%20PTS),A player with jersey number 15 and jersey color white performed a 2PT Shot that was made.,28.226109981536865,26881.0
https://www.nba.com/stats/events/?CFID=&CFPARAMS=&GameEventID=462&GameID=0022401219&Season=2024-25&flag=1&title=Dunn%203%27%20Reverse%20Layup%20(2%20PTS)%20(Booker%204%20AST),A player with jersey number 22 and jersey color purple performed a 2PT Shot that was made.,36.52357792854309,28731.0
https://www.nba.com/stats/events/?CFID=&CFPARAMS=&GameEventID=15&GameID=0022400433&Season=2024-25&flag=1&title=Clarkson%2023%27%20Jump%20Shot%20(2%20PTS)%20(Sexton%201%20AST),A player with jersey number 00 and jersey color purple performed a 2PT Shot that was made.,48.27433919906616,29029.0
https://www.nba.com/stats/events/?CFID=&CFPARAMS=&GameEventID=70&GameID=0022400865&Season=2024-25&flag=1&title=Washington%205%27%20Driving%20Hook%20Shot%20(2%20PTS),A player with jersey number 25 and jersey color white performed a 3PT Shot that was missed.,65.74710774421692,32845.0
https://www.nba.com/stats/events/?CFID=&CFPARAMS=&GameEventID=552&GameID=0022400378&Season=2024-25&flag=1&title=LaRavia%2015%27%20Fadeaway%20Jumper%20(11%20PTS)%20(Konchar%201%20AST),A player with jersey number 1 and jersey color white performed a Steal.,46.38309621810913,30866.0
https://www.nba.com/stats/events/?CFID=&CFPARAMS=&GameEventID=518&GameID=0022400860&Season=2024-25&flag=1&title=Kispert%208%27%20Driving%20Floating%20Jump%20Shot%20(10%20PTS)%20(Holmes%203%20AST),A player with jersey number 24 and jersey color white performed a 2PT Shot that was made.,35.73719906806946,29025.0
https://www.nba.com/stats/events/?CFID=&CFPARAMS=&GameEventID=154&GameID=0022400860&Season=2024-25&flag=1&title=Green%201%27%20Pullup%20Jump%20Shot%20(8%20PTS),A player with jersey number 10 and jersey color purple performed a Block.,49.12079310417175,29410.0
https://www.nba.com/stats/events/?CFID=&CFPARAMS=&GameEventID=48&GameID=0022400384&Season=2024-25&flag=1&title=McCollum%2011%27%20Step%20Back%20Jump%20Shot%20(4%20PTS),A player with jersey number 11 and jersey color blue performed a Steal.,43.644418716430664,29677.0
https://www.nba.com/stats/events/?CFID=&CFPARAMS=&GameEventID=55&GameID=0022400394&Season=2024-25&flag=1&title=Sochan%201%27%20Reverse%20Layup%20(4%20PTS)%20(Wembanyama%201%20AST),A player with jersey number 10 and jersey color black performed a 2PT Shot that was made.,29.066903114318848,27445.0
https://www.nba.com/stats/events/?CFID=&CFPARAMS=&GameEventID=237&GameID=0022400919&Season=2024-25&flag=1&title=Beasley%208%27%20Driving%20Floating%20Jump%20Shot%20(4%20PTS)%20(Schroder%201%20AST),A player with jersey number Unknown and jersey color blue performed a 2PT Shot that was made.,33.837684869766235,28268.0
https://www.nba.com/stats/events/?CFID=&CFPARAMS=&GameEventID=147&GameID=0022400378&Season=2024-25&flag=1&title=MISS%20Jackson%20Jr.%2010%27%20Driving%20Floating%20Jump%20Shot,A player with jersey number 22 and jersey color white performed a Steal.,79.22694706916809,35264.0
https://www.nba.com/stats/events/?CFID=&CFPARAMS=&GameEventID=609&GameID=0022400884&Season=2024-25&flag=1&title=Lillard%201%27%20Driving%20Layup%20(20%20PTS),A player with jersey number Unknown and jersey color white performed a 3PT Shot that was missed.,46.46557903289795,30648.0
https://www.nba.com/stats/events/?CFID=&CFPARAMS=&GameEventID=94&GameID=0022400894&Season=2024-25&flag=1&title=Sensabaugh%203%27%20Driving%20Layup%20(8%20PTS)%20(Martin%201%20AST),A player with jersey number 22 and jersey color white performed a 3PT Shot that was missed.,64.51775598526001,33235.0
https://www.nba.com/stats/events/?CFID=&CFPARAMS=&GameEventID=46&GameID=0022400901&Season=2024-25&flag=1&title=Moody%203%27%20Running%20Layup%20(2%20PTS)%20(Curry%201%20AST),A player with jersey number 4 and jersey color white performed a 2PT Shot that was made.,24.88131308555603,27590.0
https://www.nba.com/stats/events/?CFID=&CFPARAMS=&GameEventID=69&GameID=0022400898&Season=2024-25&flag=1&title=MISS%20Cunningham%2027%27%203PT%20Pullup%20Jump%20Shot,A player with jersey number 10 and jersey color blue performed a 3PT Shot that was missed.,39.58435893058777,28518.0
https://www.nba.com/stats/events/?CFID=&CFPARAMS=&GameEventID=152&GameID=0022401222&Season=2024-25&flag=1&title=MISS%20Salaun%2030%27%203PT%20Jump%20Shot,A player with jersey number 31 and jersey color teal performed a 3PT Shot that was missed.,27.45020580291748,27626.0
https://www.nba.com/stats/events/?CFID=&CFPARAMS=&GameEventID=311&GameID=0022400860&Season=2024-25&flag=1&title=Green%2025%27%203PT%20Jump%20Shot%20(11%20PTS)%20(Smith%20Jr.%202%20AST),A player with jersey number 10 and jersey color purple performed a 3PT Shot that was missed.,49.21862983703613,30140.0
https://www.nba.com/stats/events/?CFID=&CFPARAMS=&GameEventID=288&GameID=0022401226&Season=2024-25&flag=1&title=Powell%2024%27%203PT%20Jump%20Shot%20(16%20PTS)%20(Zubac%203%20AST),A player with jersey number 24 and jersey color red performed a 2PT Shot that was missed.,48.929190158843994,30404.0
https://www.nba.com/stats/events/?CFID=&CFPARAMS=&GameEventID=624&GameID=0022400367&Season=2024-25&flag=1&title=Garza%2025%27%203PT%20Jump%20Shot%20(5%20PTS)%20(Dillingham%205%20AST),A player with jersey number 55 and jersey color white performed a 3PT Shot that was made.,30.25109100341797,27370.0
https://www.nba.com/stats/events/?CFID=&CFPARAMS=&GameEventID=314&GameID=0022400363&Season=2024-25&flag=1&title=MISS%20Brown%2026%27%203PT%20Jump%20Shot,A player with jersey number Unknown and jersey color black performed a 3PT Shot that was missed.,57.2878360748291,31430.0
https://www.nba.com/stats/events/?CFID=&CFPARAMS=&GameEventID=40&GameID=0022400870&Season=2024-25&flag=1&title=MISS%20Wagner%2028%27%203PT%20Jump%20Shot,A player with jersey number 22 and jersey color white performed a 3PT Shot that was missed.,30.31163001060486,27757.0
https://www.nba.com/stats/events/?CFID=&CFPARAMS=&GameEventID=432&GameID=0022400382&Season=2024-25&flag=1&title=BUCKS%20Rebound,A player with jersey number 1 and jersey color white performed a Block.,28.903503894805908,28137.0
https://www.nba.com/stats/events/?CFID=&CFPARAMS=&GameEventID=162&GameID=0022400863&Season=2024-25&flag=1&title=MISS%20Castle%2032%27%203PT%20Pullup%20Jump%20Shot,A player with jersey number 5 and jersey color black performed a 3PT Shot that was missed.,23.070597887039185,26168.0
https://www.nba.com/stats/events/?CFID=&CFPARAMS=&GameEventID=209&GameID=0022401228&Season=2024-25&flag=1&title=Doncic%2029%27%203PT%20Jump%20Shot%20(24%20PTS)%20(Dinwiddie%202%20AST),A player with jersey number 11 and jersey color white performed a 3PT Shot that was missed.,28.615621089935303,28043.0
https://www.nba.com/stats/events/?CFID=&CFPARAMS=&GameEventID=425&GameID=0022400872&Season=2024-25&flag=1&title=George%2026%27%203PT%20Pullup%20Jump%20Shot%20(8%20PTS),A player with jersey number 3 and jersey color purple performed a 2PT Shot that was missed.,61.308717012405396,32722.0
https://www.nba.com/stats/events/?CFID=&CFPARAMS=&GameEventID=645&GameID=0022400869&Season=2024-25&flag=1&title=Burks%2027%27%203PT%20Pullup%20Jump%20Shot%20(12%20PTS)%20(Robinson%205%20AST),A player with jersey number 14 and jersey color black performed a 3PT Shot that was made.,72.29928016662598,29831.0
https://www.nba.com/stats/events/?CFID=&CFPARAMS=&GameEventID=82&GameID=0022401219&Season=2024-25&flag=1&title=SUNS%20Rebound,A player with jersey number Unknown and jersey color white performed a 2PT Shot that was missed.,72.11599016189575,30121.0
https://www.nba.com/stats/events/?CFID=&CFPARAMS=&GameEventID=560&GameID=0022400926&Season=2024-25&flag=1&title=Simons%2028%27%203PT%20Jump%20Shot%20(28%20PTS)%20(Clingan%203%20AST),A player with jersey number 2 and jersey color blue performed a 2PT Shot that was missed.,50.42103600502014,30964.0
https://www.nba.com/stats/events/?CFID=&CFPARAMS=&GameEventID=85&GameID=0022400873&Season=2024-25&flag=1&title=MISS%20DiVincenzo%2024%27%203PT%20Jump%20Shot,A player with jersey number 35 and jersey color purple performed a Steal.,63.02669095993042,32560.0
https://www.nba.com/stats/events/?CFID=&CFPARAMS=&GameEventID=121&GameID=0022400874&Season=2024-25&flag=1&title=Knecht%2026%27%203PT%20Step%20Back%20Jump%20Shot%20(8%20PTS),A player with jersey number 2 and jersey color white performed a 3PT Shot that was made.,41.673529863357544,29283.0
https://www.nba.com/stats/events/?CFID=&CFPARAMS=&GameEventID=496&GameID=0022400374&Season=2024-25&flag=1&title=Mitchell%2025%27%203PT%20Step%20Back%20Jump%20Shot%20(27%20PTS),A player with jersey number 45 and jersey color white performed a 3PT Shot that was missed.,36.606379985809326,28821.0
https://www.nba.com/stats/events/?CFID=&CFPARAMS=&GameEventID=278&GameID=0022400879&Season=2024-25&flag=1&title=Holiday%2026%27%203PT%20Running%20Jump%20Shot%20(8%20PTS)%20(Whitmore%201%20AST),A player with jersey number 0 and jersey color black performed a 3PT Shot that was made.,58.09300184249878,31842.0
https://www.nba.com/stats/events/?CFID=&CFPARAMS=&GameEventID=378&GameID=0022400397&Season=2024-25&flag=1&title=MISS%20Walter%203PT%20Jump%20Shot,A player with jersey number Unknown and jersey color red performed a 3PT Shot that was missed.,49.09936809539795,29229.0
https://www.nba.com/stats/events/?CFID=&CFPARAMS=&GameEventID=385&GameID=0022400374&Season=2024-25&flag=1&title=Strus%2028%27%203PT%20Jump%20Shot%20(3%20PTS)%20(Wade%202%20AST),A player with jersey number 1 and jersey color white performed a 3PT Shot that was missed.,146.02828693389893,34562.0
https://www.nba.com/stats/events/?CFID=&CFPARAMS=&GameEventID=300&GameID=0022400872&Season=2024-25&flag=1&title=Sensabaugh%203PT%20Jump%20Shot%20(17%20PTS)%20(George%203%20AST),A player with jersey number 22 and jersey color purple performed a 2PT Shot that was missed.,79.7417151927948,32254.0
https://www.nba.com/stats/events/?CFID=&CFPARAMS=&GameEventID=295&GameID=0022401224&Season=2024-25&flag=1&title=Wilson%2028%27%203PT%20Jump%20Shot%20(9%20PTS)%20(Simmons%204%20AST),A player with jersey number 22 and jersey color black performed a 3PT Shot that was made.,39.81648468971253,28066.0
https://www.nba.com/stats/events/?CFID=&CFPARAMS=&GameEventID=345&GameID=0022400905&Season=2024-25&flag=1&title=Quickley%2025%27%203PT%20Jump%20Shot%20(13%20PTS)%20(Shead%203%20AST),A player with jersey number 14 and jersey color purple performed a 3PT Shot that was missed.,79.56268191337585,29455.0
https://www.nba.com/stats/events/?CFID=&CFPARAMS=&GameEventID=185&GameID=0022400887&Season=2024-25&flag=1&title=MISS%20Alexander-Walker%2025%27%203PT%20Jump%20Shot,A player with jersey number 9 and jersey color blue performed a 3PT Shot that was missed.,38.01976203918457,28172.0
https://www.nba.com/stats/events/?CFID=&CFPARAMS=&GameEventID=523&GameID=0022400394&Season=2024-25&flag=1&title=Champagnie%2027%27%203PT%20Jump%20Shot%20(3%20PTS)%20(Paul%205%20AST),A player with jersey number 30 and jersey color black performed a 3PT Shot that was made.,21.572340965270996,26397.0
https://www.nba.com/stats/events/?CFID=&CFPARAMS=&GameEventID=182&GameID=0022400885&Season=2024-25&flag=1&title=Anunoby%2025%27%203PT%20Jump%20Shot%20(9%20PTS)%20(Payne%202%20AST),A player with jersey number 8 and jersey color white performed a 3PT Shot that was made.,34.93005609512329,26520.0
https://www.nba.com/stats/events/?CFID=&CFPARAMS=&GameEventID=396&GameID=0022400864&Season=2024-25&flag=1&title=Grimes%2025%27%203PT%20Jump%20Shot%20(27%20PTS)%20(Maxey%205%20AST),A player with jersey number Unknown and jersey color white performed a Turnover.,97.89922881126404,34417.0
https://www.nba.com/stats/events/?CFID=&CFPARAMS=&GameEventID=551&GameID=0022400910&Season=2024-25&flag=1&title=LaRavia%2027%27%203PT%20Jump%20Shot%20(4%20PTS)%20(Murray%201%20AST),A player with jersey number 0 and jersey color white performed a 3PT Shot that was made.,45.279025077819824,28890.0
https://www.nba.com/stats/events/?CFID=&CFPARAMS=&GameEventID=245&GameID=0022400868&Season=2024-25&flag=1&title=Haliburton%2025%27%203PT%20Step%20Back%20Jump%20Shot%20(11%20PTS),A player with jersey number 0 and jersey color blue performed a 3PT Shot that was made.,36.7745361328125,27962.0
https://www.nba.com/stats/events/?CFID=&CFPARAMS=&GameEventID=551&GameID=0022400402&Season=2024-25&flag=1&title=O%27Neale%2027%27%203PT%20Jump%20Shot%20(6%20PTS)%20(Beal%202%20AST),A player with jersey number 00 and jersey color purple performed a 3PT Shot that was made.,36.50905203819275,27888.0
https://www.nba.com/stats/events/?CFID=&CFPARAMS=&GameEventID=136&GameID=0022400873&Season=2024-25&flag=1&title=Jones%2032%27%203PT%20Pullup%20Jump%20Shot%20(6%20PTS),A player with jersey number Unknown and jersey color purple performed a 3PT Shot that was made.,47.82116413116455,29338.0
https://www.nba.com/stats/events/?CFID=&CFPARAMS=&GameEventID=326&GameID=0022400871&Season=2024-25&flag=1&title=Jal.%20Williams%2027%27%203PT%20Step%20Back%20Jump%20Shot%20(22%20PTS),A player with jersey number Unknown and jersey color blue performed a 2PT Shot that was missed.,84.8354058265686,29618.0
https://www.nba.com/stats/events/?CFID=&CFPARAMS=&GameEventID=392&GameID=0022400860&Season=2024-25&flag=1&title=Sarr%2027%27%203PT%20Jump%20Shot%20(7%20PTS)%20(George%205%20AST),A player with jersey number 32 and jersey color white performed a 3PT Shot that was missed.,44.88031888008118,29698.0
https://www.nba.com/stats/events/?CFID=&CFPARAMS=&GameEventID=41&GameID=0022400382&Season=2024-25&flag=1&title=Middleton%2027%27%203PT%20Jump%20Shot%20(5%20PTS)%20(Portis%203%20AST),A player with jersey number 22 and jersey color green performed a 3PT Shot that was made.,22.24223899841309,26680.0
https://www.nba.com/stats/events/?CFID=&CFPARAMS=&GameEventID=58&GameID=0022400384&Season=2024-25&flag=1&title=Towns%2026%27%203PT%20Jump%20Shot%20(3%20PTS)%20(Anunoby%202%20AST),A player with jersey number 32 and jersey color blue performed a 3PT Shot that was made.,24.261119842529297,26049.0
https://www.nba.com/stats/events/?CFID=&CFPARAMS=&GameEventID=292&GameID=0022400382&Season=2024-25&flag=1&title=Rollins%203PT%20Jump%20Shot%20(6%20PTS)%20(Portis%205%20AST),A player with jersey number 13 and jersey color green performed a 3PT Shot that was made.,31.688626050949097,27856.0
https://www.nba.com/stats/events/?CFID=&CFPARAMS=&GameEventID=183&GameID=0022400365&Season=2024-25&flag=1&title=Brooks%2024%27%203PT%20Jump%20Shot%20(9%20PTS)%20(Thompson%201%20AST),A player with jersey number 9 and jersey color red performed a 3PT Shot that was made.,24.909129858016968,27233.0
https://www.nba.com/stats/events/?CFID=&CFPARAMS=&GameEventID=68&GameID=0022400873&Season=2024-25&flag=1&title=Booker%2025%27%203PT%20Jump%20Shot%20(10%20PTS)%20(Durant%202%20AST),A player with jersey number 22 and jersey color purple performed a 3PT Shot that was missed.,22.644718647003177,26564.0
https://www.nba.com/stats/events/?CFID=&CFPARAMS=&GameEventID=568&GameID=0022401227&Season=2024-25&flag=1&title=Suggs%2029%27%203PT%20Pullup%20Jump%20Shot%20(9%20PTS),A player with jersey number 21 and jersey color white performed a 3PT Shot that was missed.,58.60748100280762,30728.0
https://www.nba.com/stats/events/?CFID=&CFPARAMS=&GameEventID=624&GameID=0022401225&Season=2024-25&flag=1&title=Tyson%2025%27%203PT%20Jump%20Shot%20(5%20PTS),A player with jersey number 5 and jersey color purple performed a Steal.,41.18448305130005,29184.0
https://www.nba.com/stats/events/?CFID=&CFPARAMS=&GameEventID=717&GameID=0022401224&Season=2024-25&flag=1&title=K.%20Johnson%2026%27%203PT%20Jump%20Shot%20(5%20PTS)%20(Simmons%208%20AST),A player with jersey number Unknown and jersey color black performed a 3PT Shot that was made.,45.50276398658752,30083.0
https://www.nba.com/stats/events/?CFID=&CFPARAMS=&GameEventID=518&GameID=0022400371&Season=2024-25&flag=1&title=Jordan%20S.FOUL%20(P2.T2)%20(C.Washington),A player with jersey number 5 and jersey color white performed a 2PT Shot that was missed.,45.067400217056274,30024.0
https://www.nba.com/stats/events/?CFID=&CFPARAMS=&GameEventID=434&GameID=0022400886&Season=2024-25&flag=1&title=Buzelis%20P.FOUL%20(P2.PN)%20(C.Kirkland),A player with jersey number Unknown and jersey color black performed a 2PT Shot that was missed.,67.5133409500122,33169.0
https://www.nba.com/stats/events/?CFID=&CFPARAMS=&GameEventID=412&GameID=0022400898&Season=2024-25&flag=1&title=Coffey%20S.FOUL%20(P2.T4)%20(B.Nansel),A player with jersey number 2 and jersey color white performed a Foul.,70.27014088630676,31964.0
https://www.nba.com/stats/events/?CFID=&CFPARAMS=&GameEventID=430&GameID=0022400394&Season=2024-25&flag=1&title=Bassey%20S.FOUL%20(P2.PN)%20(J.Schroeder),A player with jersey number 5 and jersey color black performed a Foul.,55.41312003135681,30436.0
https://www.nba.com/stats/events/?CFID=&CFPARAMS=&GameEventID=723&GameID=0022400923&Season=2024-25&flag=1&title=Brown%20P.FOUL%20(P1.PN)%20(J.Butler),A player with jersey number 10 and jersey color white performed a Rebound.,59.21457099914551,31029.0
https://www.nba.com/stats/events/?CFID=&CFPARAMS=&GameEventID=291&GameID=0022400901&Season=2024-25&flag=1&title=Looney%20P.FOUL%20(P2.T2)%20(B.Kennedy),A player with jersey number Unknown and jersey color black performed a Steal.,55.1198205947876,30712.0
https://www.nba.com/stats/events/?CFID=&CFPARAMS=&GameEventID=93&GameID=0022400862&Season=2024-25&flag=1&title=DeRozan%20S.FOUL%20(P1.T2)%20(J.DeRosa),A player with jersey number 28 and jersey color red performed a Foul.,65.0930061340332,31660.0
https://www.nba.com/stats/events/?CFID=&CFPARAMS=&GameEventID=94&GameID=0022400363&Season=2024-25&flag=1&title=LaVine%20P.FOUL%20(P1.T1)%20(T.Brothers),A player with jersey number 8 and jersey color white performed a 2PT Shot that was missed.,35.506282329559326,28654.0
https://www.nba.com/stats/events/?CFID=&CFPARAMS=&GameEventID=348&GameID=0022400398&Season=2024-25&flag=1&title=Williams%20S.FOUL%20(P1.T1)%20(D.Scott),A player with jersey number 44 and jersey color white performed a Block.,32.04167699813843,27956.0
https://www.nba.com/stats/events/?CFID=&CFPARAMS=&GameEventID=294&GameID=0022400871&Season=2024-25&flag=1&title=Vassell%20S.FOUL%20(P1.PN)%20(K.Cutler),A player with jersey number Unknown and jersey color black performed a Rebound.,66.18032479286194,32936.0
https://www.nba.com/stats/events/?CFID=&CFPARAMS=&GameEventID=491&GameID=0022400870&Season=2024-25&flag=1&title=Robinson%20S.FOUL%20(P2.PN)%20(T.Brothers),A player with jersey number Unknown and jersey color white performed a 2PT Shot that was missed.,43.2595157623291,29649.0
https://www.nba.com/stats/events/?CFID=&CFPARAMS=&GameEventID=20&GameID=0022400366&Season=2024-25&flag=1&title=Jackson%20Jr.%20P.FOUL%20(P1.T1)%20(B.Forte),A player with jersey number 5 and jersey color blue performed a 2PT Shot that was missed.,82.35883688926697,33656.0
https://www.nba.com/stats/events/?CFID=&CFPARAMS=&GameEventID=24&GameID=0022400952&Season=2024-25&flag=1&title=Porter%20Jr.%20P.FOUL%20(P1.T1)%20(M.Ervin),A player with jersey number Unknown and jersey color white performed a 3PT Shot that was missed.,67.08687281608582,32487.0
https://www.nba.com/stats/events/?CFID=&CFPARAMS=&GameEventID=700&GameID=0022400926&Season=2024-25&flag=1&title=Grant%20P.FOUL%20(P2.PN)%20(T.Maddox),A player with jersey number Unknown and jersey color white performed a Steal.,89.66486310958862,35543.0
https://www.nba.com/stats/events/?CFID=&CFPARAMS=&GameEventID=9&GameID=0022400862&Season=2024-25&flag=1&title=Sengun%20S.FOUL%20(P1.T1)%20(K.Lane),A player with jersey number 11 and jersey color black performed a 2PT Shot that was missed.,39.91269826889038,29390.0
https://www.nba.com/stats/events/?CFID=&CFPARAMS=&GameEventID=382&GameID=0022400901&Season=2024-25&flag=1&title=Santos%20S.FOUL%20(P1.T4)%20(D.Richardson),A player with jersey number 24 and jersey color black performed a 3PT Shot that was missed.,70.65729570388794,31327.0
https://www.nba.com/stats/events/?CFID=&CFPARAMS=&GameEventID=175&GameID=0022400868&Season=2024-25&flag=1&title=Horton-Tucker%20S.FOUL%20(P1.T1)%20(C.Washington),A player with jersey number Unknown and jersey color red performed a Steal.,55.42354393005371,31368.0
https://www.nba.com/stats/events/?CFID=&CFPARAMS=&GameEventID=630&GameID=0022400375&Season=2024-25&flag=1&title=Dort%20S.FOUL%20(P5.PN)%20(M.Lindsay),A player with jersey number Unknown and jersey color red performed a 3PT Shot that was missed.,68.76836204528809,33144.0
https://www.nba.com/stats/events/?CFID=&CFPARAMS=&GameEventID=179&GameID=0022400869&Season=2024-25&flag=1&title=Anderson%20S.FOUL%20(P1.T1)%20(T.Ricks),A player with jersey number 22 and jersey color white performed a 2PT Shot that was missed.,27.46678996086121,27461.0
https://www.nba.com/stats/events/?CFID=&CFPARAMS=&GameEventID=501&GameID=0022400886&Season=2024-25&flag=1&title=Okoro%20P.FOUL%20(P3.PN)%20(S.Corbin),A player with jersey number 45 and jersey color black performed a 2PT Shot that was made.,26.2484929561615,27298.0
https://www.nba.com/stats/events/?CFID=&CFPARAMS=&GameEventID=169&GameID=0022400363&Season=2024-25&flag=1&title=Horford%20S.FOUL%20(P1.T1)%20(J.Van%20Duyne),A player with jersey number 11 and jersey color white performed a 3PT Shot that was made.,59.42124581336975,29987.0
https://www.nba.com/stats/events/?CFID=&CFPARAMS=&GameEventID=601&GameID=0022400866&Season=2024-25&flag=1&title=Porter%20Jr.%20Personal%20Take%20Foul%20(P2.PN)%20(E.Scott),A player with jersey number Unknown and jersey color green performed a 2PT Shot that was missed.,65.88385486602783,32166.0
https://www.nba.com/stats/events/?CFID=&CFPARAMS=&GameEventID=327&GameID=0022400402&Season=2024-25&flag=1&title=Porter%20Jr.%20S.FOUL%20(P1.PN)%20(K.Cutler),A player with jersey number 0 and jersey color purple performed a Turnover.,46.7068829536438,29784.0
https://www.nba.com/stats/events/?CFID=&CFPARAMS=&GameEventID=293&GameID=0022400919&Season=2024-25&flag=1&title=Duren%20S.FOUL%20(P2.PN)%20(R.Hussey),A player with jersey number 23 and jersey color white performed a Turnover.,38.07553315162659,29228.0
https://www.nba.com/stats/events/?CFID=&CFPARAMS=&GameEventID=334&GameID=0022400860&Season=2024-25&flag=1&title=Middleton%20P.FOUL%20(P1.PN)%20(J.Goble),A player with jersey number 7 and jersey color purple performed a 2PT Shot that was missed.,41.54469609260559,29166.0
https://www.nba.com/stats/events/?CFID=&CFPARAMS=&GameEventID=550&GameID=0022401220&Season=2024-25&flag=1&title=Koloko%20S.FOUL%20(P2.PN)%20(C.Kirkland),A player with jersey number 10 and jersey color blue performed a 2PT Shot that was missed.,37.84343910217285,29207.0
https://www.nba.com/stats/events/?CFID=&CFPARAMS=&GameEventID=761&GameID=0022400919&Season=2024-25&flag=1&title=Beasley%20S.FOUL%20(P3.T4)%20(R.Hussey),A player with jersey number 30 and jersey color white performed a 2PT Shot that was made.,28.59677290916443,27359.0
https://www.nba.com/stats/events/?CFID=&CFPARAMS=&GameEventID=263&GameID=0022401221&Season=2024-25&flag=1&title=Smith%20P.FOUL%20(P2.T4)%20(A.Nagy),A player with jersey number 12 and jersey color red performed a Foul.,45.78239822387695,30005.0
https://www.nba.com/stats/events/?CFID=&CFPARAMS=&GameEventID=303&GameID=0022401223&Season=2024-25&flag=1&title=Olynyk%20P.FOUL%20(P2.T2)%20(S.Mehta),A player with jersey number 44 and jersey color black performed a 2PT Shot that was missed.,30.92905330657959,27987.0
https://www.nba.com/stats/events/?CFID=&CFPARAMS=&GameEventID=327&GameID=0022401219&Season=2024-25&flag=1&title=Grant%20P.FOUL%20(P2.T1)%20(T.Ford),A player with jersey number 35 and jersey color purple performed a 3PT Shot that was missed.,26.173504114151,27196.0
https://www.nba.com/stats/events/?CFID=&CFPARAMS=&GameEventID=123&GameID=0022400910&Season=2024-25&flag=1&title=DeRozan%20P.FOUL%20(P1.T2)%20(S.Twardoski),A player with jersey number 10 and jersey color black performed a Steal.,35.90838575363159,28522.0
https://www.nba.com/stats/events/?CFID=&CFPARAMS=&GameEventID=528&GameID=0022400885&Season=2024-25&flag=1&title=McBride%20S.FOUL%20(P1.T4)%20(C.Washington),A player with jersey number 10 and jersey color blue performed a Foul.,32.459357023239136,28308.0
https://www.nba.com/stats/events/?CFID=&CFPARAMS=&GameEventID=346&GameID=0022400363&Season=2024-25&flag=1&title=White%20P.FOUL%20(P2.T1)%20(T.Brothers),A player with jersey number 4 and jersey color white performed a 3PT Shot that was missed.,56.44574737548828,30747.0
https://www.nba.com/stats/events/?CFID=&CFPARAMS=&GameEventID=560&GameID=0022400898&Season=2024-25&flag=1&title=Harden%20Free%20Throw%201%20of%202%20(46%20PTS),A player with jersey number 1 and jersey color blue performed a Free Throw that was made.,59.23313307762146,31420.0
https://www.nba.com/stats/events/?CFID=&CFPARAMS=&GameEventID=649&GameID=0022400864&Season=2024-25&flag=1&title=Maxey%20Free%20Throw%20Technical%20(5%20PTS),A player with jersey number 6 and jersey color white performed a Free Throw that was made.,49.47765326499939,29836.0
https://www.nba.com/stats/events/?CFID=&CFPARAMS=&GameEventID=299&GameID=0022401221&Season=2024-25&flag=1&title=Butler%20Free%20Throw%201%20of%202%20(14%20PTS),A player with jersey number 22 and jersey color red performed a 3PT Shot that was missed.,37.885733127593994,27124.0
https://www.nba.com/stats/events/?CFID=&CFPARAMS=&GameEventID=70&GameID=0022400917&Season=2024-25&flag=1&title=Antetokounmpo%20Free%20Throw%20Flagrant%201%20of%202%20(7%20PTS),A player with jersey number 34 and jersey color white performed a Free Throw that was made.,29.481311082839966,28142.0
https://www.nba.com/stats/events/?CFID=&CFPARAMS=&GameEventID=318&GameID=0022400365&Season=2024-25&flag=1&title=VanVleet%20Free%20Throw%202%20of%202%20(9%20PTS),A player with jersey number 5 and jersey color red performed a Free Throw that was made.,18.740636825561523,26572.0
https://www.nba.com/stats/events/?CFID=&CFPARAMS=&GameEventID=221&GameID=0022400384&Season=2024-25&flag=1&title=Jones%20Free%20Throw%202%20of%202%20(4%20PTS),A player with jersey number Unknown and jersey color red performed a Free Throw that was made.,85.00968384742737,31259.0
https://www.nba.com/stats/events/?CFID=&CFPARAMS=&GameEventID=28&GameID=0022400862&Season=2024-25&flag=1&title=Sengun%20Free%20Throw%201%20of%202%20(3%20PTS),A player with jersey number 28 and jersey color red performed a Free Throw that was made.,36.53360199928284,28948.0
https://www.nba.com/stats/events/?CFID=&CFPARAMS=&GameEventID=536&GameID=0022400371&Season=2024-25&flag=1&title=Murray%20Free%20Throw%201%20of%202%20(15%20PTS),A player with jersey number 24 and jersey color white performed a 3PT Shot that was missed.,69.82994413375854,30851.0
https://www.nba.com/stats/events/?CFID=&CFPARAMS=&GameEventID=570&GameID=0022400365&Season=2024-25&flag=1&title=McCollum%20Free%20Throw%201%20of%202%20(17%20PTS),A player with jersey number Unknown and jersey color blue performed a 3PT Shot that was missed.,43.824559926986694,30034.0
https://www.nba.com/stats/events/?CFID=&CFPARAMS=&GameEventID=504&GameID=0022400887&Season=2024-25&flag=1&title=Conley%20Free%20Throw%20Technical%20(12%20PTS),A player with jersey number Unknown and jersey color black performed a Foul.,24.880004167556763,27713.0
https://www.nba.com/stats/events/?CFID=&CFPARAMS=&GameEventID=495&GameID=0022401220&Season=2024-25&flag=1&title=Edey%20Free%20Throw%201%20of%201%20(9%20PTS),A player with jersey number 14 and jersey color blue performed a Free Throw that was made.,54.57077598571777,29022.0
https://www.nba.com/stats/events/?CFID=&CFPARAMS=&GameEventID=705&GameID=0022400861&Season=2024-25&flag=1&title=Wilson%20Free%20Throw%201%20of%202%20(10%20PTS),A player with jersey number 9 and jersey color black performed a Block.,16.210283994674683,26203.0
https://www.nba.com/stats/events/?CFID=&CFPARAMS=&GameEventID=348&GameID=0022400886&Season=2024-25&flag=1&title=MISS%20Jones%20Free%20Throw%201%20of%202,A player with jersey number 30 and jersey color white performed a 3PT Shot that was made.,27.712970972061157,27565.0
https://www.nba.com/stats/events/?CFID=&CFPARAMS=&GameEventID=167&GameID=0022400367&Season=2024-25&flag=1&title=Bridges%20Free%20Throw%201%20of%201%20(11%20PTS),A player with jersey number 25 and jersey color blue performed a 3PT Shot that was made.,35.93622708320618,29315.0
https://www.nba.com/stats/events/?CFID=&CFPARAMS=&GameEventID=542&GameID=0022400374&Season=2024-25&flag=1&title=Thompson%20Free%20Throw%201%20of%202%20(1%20PTS),A player with jersey number 13 and jersey color white performed a Free Throw that was made.,31.47336721420288,28143.0
https://www.nba.com/stats/events/?CFID=&CFPARAMS=&GameEventID=378&GameID=0022401224&Season=2024-25&flag=1&title=Simmons%20Free%20Throw%202%20of%202%20(6%20PTS),A player with jersey number Unknown and jersey color black performed a Free Throw that was made.,33.33024001121521,28600.0
https://www.nba.com/stats/events/?CFID=&CFPARAMS=&GameEventID=502&GameID=0022400923&Season=2024-25&flag=1&title=Matkovi%C4%87%20Free%20Throw%202%20of%202%20(7%20PTS),A player with jersey number 17 and jersey color purple performed a Free Throw that was made.,40.547600746154785,29254.0
https://www.nba.com/stats/events/?CFID=&CFPARAMS=&GameEventID=220&GameID=0022400886&Season=2024-25&flag=1&title=Jerome%20Free%20Throw%201%20of%202%20(3%20PTS),A player with jersey number Unknown and jersey color black performed a Free Throw that was made.,22.016792058944702,27054.0
https://www.nba.com/stats/events/?CFID=&CFPARAMS=&GameEventID=366&GameID=0022400394&Season=2024-25&flag=1&title=MISS%20C.%20Martin%20Free%20Throw%201%20of%202,A player with jersey number 6 and jersey color white performed a 3PT Shot that was made.,46.075626850128174,30287.0
https://www.nba.com/stats/events/?CFID=&CFPARAMS=&GameEventID=394&GameID=0022400861&Season=2024-25&flag=1&title=Claxton%20Free%20Throw%202%20of%202%20(7%20PTS),A player with jersey number 33 and jersey color white performed a Free Throw that was made.,17.915916919708252,26519.0
https://www.nba.com/stats/events/?CFID=&CFPARAMS=&GameEventID=674&GameID=0022401228&Season=2024-25&flag=1&title=Thompson%20Free%20Throw%203%20of%203%20(28%20PTS),A player with jersey number 31 and jersey color white performed a Free Throw that was made.,27.031002044677734,27709.0
https://www.nba.com/stats/events/?CFID=&CFPARAMS=&GameEventID=439&GameID=0022400874&Season=2024-25&flag=1&title=Harden%20Free%20Throw%201%20of%201%20(11%20PTS),A player with jersey number 7 and jersey color black performed a Free Throw that was made.,36.1773841381073,29053.0
https://www.nba.com/stats/events/?CFID=&CFPARAMS=&GameEventID=300&GameID=0022400363&Season=2024-25&flag=1&title=Porzingis%20Free%20Throw%201%20of%202%20(11%20PTS),A player with jersey number 8 and jersey color white performed a Free Throw that was made.,16.945098876953125,26459.0
https://www.nba.com/stats/events/?CFID=&CFPARAMS=&GameEventID=604&GameID=0022400860&Season=2024-25&flag=1&title=Champagnie%20Free%20Throw%201%20of%202%20(10%20PTS),A player with jersey number 9 and jersey color white performed a Free Throw that was made.,16.896504163742065,26417.0
https://www.nba.com/stats/events/?CFID=&CFPARAMS=&GameEventID=191&GameID=0022400923&Season=2024-25&flag=1&title=MISS%20Morant%20Free%20Throw%201%20of%202,A player with jersey number 13 and jersey color white performed a 3PT Shot that was missed.,43.51311111450195,29705.0
https://www.nba.com/stats/events/?CFID=&CFPARAMS=&GameEventID=468&GameID=0022400901&Season=2024-25&flag=1&title=Wilson%20Free%20Throw%202%20of%202%20(9%20PTS),A player with jersey number Unknown and jersey color black performed a Free Throw that was made.,78.77295088768005,34101.0
https://www.nba.com/stats/events/?CFID=&CFPARAMS=&GameEventID=522&GameID=0022400371&Season=2024-25&flag=1&title=Henderson%20Free%20Throw%202%20of%202%20(7%20PTS),A player with jersey number 0 and jersey color black performed a Free Throw that was made.,53.007161140441895,31283.0
https://www.nba.com/stats/events/?CFID=&CFPARAMS=&GameEventID=615&GameID=0022400865&Season=2024-25&flag=1&title=Irving%20Free%20Throw%201%20of%203%20(29%20PTS),A player with jersey number 11 and jersey color white performed a Free Throw that was made.,40.187256813049316,29417.0
https://www.nba.com/stats/events/?CFID=&CFPARAMS=&GameEventID=327&GameID=0022401217&Season=2024-25&flag=1&title=Celtics%20Rebound,A player with jersey number 40 and jersey color green performed a 2PT Shot that was made.,24.97645092010498,27380.0
https://www.nba.com/stats/events/?CFID=&CFPARAMS=&GameEventID=501&GameID=0022401226&Season=2024-25&flag=1&title=Harden%20Free%20Throw%201%20of%201%20(41%20PTS),A player with jersey number Unknown and jersey color red performed a Free Throw that was made.,49.94722890853882,30785.0
https://www.nba.com/stats/events/?CFID=&CFPARAMS=&GameEventID=714&GameID=0022400433&Season=2024-25&flag=1&title=Maxey%20Free%20Throw%201%20of%202%20(31%20PTS),A player with jersey number 0 and jersey color white performed a Free Throw that was made.,16.912060022354126,26495.0
https://www.nba.com/stats/events/?CFID=&CFPARAMS=&GameEventID=596&GameID=0022401223&Season=2024-25&flag=1&title=White%20Free%20Throw%201%20of%202%20(14%20PTS),A player with jersey number Unknown and jersey color red performed a Free Throw that was made.,41.569257974624634,29766.0
https://www.nba.com/stats/events/?CFID=&CFPARAMS=&GameEventID=481&GameID=0022400874&Season=2024-25&flag=1&title=MISS%20Leonard%20Free%20Throw%20Technical,A player with jersey number 2 and jersey color blue performed a 2PT Shot that was missed.,38.502079010009766,28782.0
https://www.nba.com/stats/events/?CFID=&CFPARAMS=&GameEventID=672&GameID=0022401225&Season=2024-25&flag=1&title=Tyson%20Free%20Throw%202%20of%202%20(7%20PTS),A player with jersey number 5 and jersey color white performed a Free Throw that was made.,44.400216817855835,30226.0
https://www.nba.com/stats/events/?CFID=&CFPARAMS=&GameEventID=470&GameID=0062400001&Season=2024-25&flag=1&title=Antetokounmpo%20Free%20Throw%201%20of%201%20(24%20PTS),A player with jersey number 34 and jersey color black performed a Free Throw that was made.,43.82950019836426,29825.0
https://www.nba.com/stats/events/?CFID=&CFPARAMS=&GameEventID=283&GameID=0022401224&Season=2024-25&flag=1&title=Sharpe%20Free%20Throw%201%20of%202%20(3%20PTS),A player with jersey number 21 and jersey color black performed a 2PT Shot that was made.,21.31873106956482,26686.0
https://www.nba.com/stats/events/?CFID=&CFPARAMS=&GameEventID=294&GameID=0022401222&Season=2024-25&flag=1&title=Richards%20Free%20Throw%201%20of%202%20(7%20PTS),A player with jersey number 4 and jersey color teal performed a 3PT Shot that was missed.,61.74914193153381,32674.0
https://www.nba.com/stats/events/?CFID=&CFPARAMS=&GameEventID=551&GameID=0022400382&Season=2024-25&flag=1&title=Rollins%20Free%20Throw%202%20of%202%20(12%20PTS),A player with jersey number 13 and jersey color green performed a 3PT Shot that was made.,48.01491594314575,30993.0
https://www.nba.com/stats/events/?CFID=&CFPARAMS=&GameEventID=347&GameID=0022400374&Season=2024-25&flag=1&title=Wade%20Free%20Throw%201%20of%201%20(15%20PTS),A player with jersey number 32 and jersey color white performed a Free Throw that was made.,39.109365940093994,29498.0
https://www.nba.com/stats/events/?CFID=&CFPARAMS=&GameEventID=621&GameID=0022400873&Season=2024-25&flag=1&title=A.%20Edwards%20Free%20Throw%20Clear%20Path%202%20of%202%20(42%20PTS),A player with jersey number 5 and jersey color white performed a 3PT Shot that was missed.,33.2753472328186,28705.0
https://www.nba.com/stats/events/?CFID=&CFPARAMS=&GameEventID=644&GameID=0022400870&Season=2024-25&flag=1&title=Banchero%20Free%20Throw%202%20of%202%20(12%20PTS),A player with jersey number Unknown and jersey color white performed a 3PT Shot that was made.,58.05271601676941,32161.0
https://www.nba.com/stats/events/?CFID=&CFPARAMS=&GameEventID=364&GameID=0022400378&Season=2024-25&flag=1&title=Johnson%20Free%20Throw%202%20of%202%20(13%20PTS),A player with jersey number 1 and jersey color white performed a Free Throw that was made.,35.72892498970032,29140.0
https://www.nba.com/stats/events/?CFID=&CFPARAMS=&GameEventID=497&GameID=0022400398&Season=2024-25&flag=1&title=Prince%20Free%20Throw%202%20of%202%20(4%20PTS),A player with jersey number 11 and jersey color green performed a 3PT Shot that was made.,62.663121938705444,33112.0
https://www.nba.com/stats/events/?CFID=&CFPARAMS=&GameEventID=471&GameID=0022400910&Season=2024-25&flag=1&title=Fox%20Free%20Throw%201%20of%201%20(14%20PTS),A player with jersey number Unknown and jersey color white performed a Free Throw that was made.,44.39010500907898,29859.0
https://www.nba.com/stats/events/?CFID=&CFPARAMS=&GameEventID=391&GameID=0022401225&Season=2024-25&flag=1&title=Fox%20Free%20Throw%201%20of%202%20(11%20PTS),A player with jersey number 5 and jersey color black performed a Free Throw that was made.,53.36921191215515,29707.0
https://www.nba.com/stats/events/?CFID=&CFPARAMS=&GameEventID=99&GameID=0022400368&Season=2024-25&flag=1&title=Grimes%20Free%20Throw%203%20of%203%20(6%20PTS),A player with jersey number 5 and jersey color white performed a 3PT Shot that was missed.,32.78688311576843,27413.0
https://www.nba.com/stats/events/?CFID=&CFPARAMS=&GameEventID=400&GameID=0022401221&Season=2024-25&flag=1&title=Butler%20Free%20Throw%202%20of%202%20(23%20PTS),A player with jersey number 22 and jersey color red performed a 3PT Shot that was made.,49.04651999473572,30854.0
https://www.nba.com/stats/events/?CFID=&CFPARAMS=&GameEventID=216&GameID=0022400865&Season=2024-25&flag=1&title=Irving%20Free%20Throw%202%20of%202%20(12%20PTS),A player with jersey number 11 and jersey color white performed a Free Throw that was made.,27.13959789276123,27602.0
https://www.nba.com/stats/events/?CFID=&CFPARAMS=&GameEventID=438&GameID=0022400910&Season=2024-25&flag=1&title=Champagnie%20Free%20Throw%20Technical%20(1%20PTS),A player with jersey number Unknown and jersey color white performed a Free Throw that was made.,39.115575075149536,29692.0
https://www.nba.com/stats/events/?CFID=&CFPARAMS=&GameEventID=658&GameID=0022401222&Season=2024-25&flag=1&title=George%20Free%20Throw%201%20of%201%20(33%20PTS),A player with jersey number 5 and jersey color white performed a Free Throw that was made.,47.08873391151428,30870.0
https://www.nba.com/stats/events/?CFID=&CFPARAMS=&GameEventID=226&GameID=0022400917&Season=2024-25&flag=1&title=MISS%20Banchero%20Free%20Throw%201%20of%202,A player with jersey number Unknown and jersey color blue performed a 3PT Shot that was missed.,44.23027276992798,30133.0
https://www.nba.com/stats/events/?CFID=&CFPARAMS=&GameEventID=582&GameID=0022400394&Season=2024-25&flag=1&title=Vassell%20Free%20Throw%202%20of%202%20(15%20PTS),A player with jersey number 24 and jersey color black performed a Free Throw that was made.,21.15467405319214,26822.0
https://www.nba.com/stats/events/?CFID=&CFPARAMS=&GameEventID=431&GameID=0022400874&Season=2024-25&flag=1&title=Harden%20Free%20Throw%201%20of%202%20(6%20PTS),A player with jersey number 1 and jersey color black performed a Free Throw that was made.,25.32906222343445,27610.0
https://www.nba.com/stats/events/?CFID=&CFPARAMS=&GameEventID=275&GameID=0022400879&Season=2024-25&flag=1&title=Wiggins%20REBOUND%20(Off:1%20Def:2),A player with jersey number 21 and jersey color white performed a Steal.,35.15459203720093,28850.0
https://www.nba.com/stats/events/?CFID=&CFPARAMS=&GameEventID=149&GameID=0022400394&Season=2024-25&flag=1&title=C.%20Martin%20REBOUND%20(Off:1%20Def:0),A player with jersey number 5 and jersey color black performed a Foul.,28.425331115722656,28160.0
https://www.nba.com/stats/events/?CFID=&CFPARAMS=&GameEventID=79&GameID=0022400374&Season=2024-25&flag=1&title=Antetokounmpo%20Out%20of%20Bounds%20-%20Bad%20Pass%20Turnover%20Turnover%20(P2.T3),A player with jersey number 20 and jersey color black performed a Steal.,42.38522005081177,29988.0
https://www.nba.com/stats/events/?CFID=&CFPARAMS=&GameEventID=318&GameID=0022401220&Season=2024-25&flag=1&title=Pippen%20Jr.%20Offensive%20Goaltending%20Turnover%20(P3.T10),A player with jersey number 1 and jersey color blue performed a 2PT Shot that was missed.,56.69879102706909,31781.0
https://www.nba.com/stats/events/?CFID=&CFPARAMS=&GameEventID=628&GameID=0022400378&Season=2024-25&flag=1&title=Jackson%20Jr.%20Out%20of%20Bounds%20Lost%20Ball%20Turnover%20(P3.T16),A player with jersey number 13 and jersey color blue performed a Foul.,29.092323780059814,27791.0
https://www.nba.com/stats/events/?CFID=&CFPARAMS=&GameEventID=71&GameID=0022401226&Season=2024-25&flag=1&title=George%20Traveling%20Turnover%20(P1.T3),A player with jersey number 3 and jersey color white performed a 3PT Shot that was missed.,38.2965989112854,29550.0
https://www.nba.com/stats/events/?CFID=&CFPARAMS=&GameEventID=476&GameID=0022400901&Season=2024-25&flag=1&title=Watford%20Out%20of%20Bounds%20Lost%20Ball%20Turnover%20(P2.T9),A player with jersey number Unknown and jersey color black performed a Block.,39.1411452293396,29537.0
https://www.nba.com/stats/events/?CFID=&CFPARAMS=&GameEventID=143&GameID=0022400863&Season=2024-25&flag=1&title=Edey%203%20Second%20Violation%20Turnover%20(P1.T5),A player with jersey number 10 and jersey color red performed a 2PT Shot that was missed.,48.922715187072754,30824.0
https://www.nba.com/stats/events/?CFID=&CFPARAMS=&GameEventID=413&GameID=0022401222&Season=2024-25&flag=1&title=Maxey%20Traveling%20Turnover%20(P2.T11),A player with jersey number 0 and jersey color white performed a Steal.,44.323665142059326,30624.0
https://www.nba.com/stats/events/?CFID=&CFPARAMS=&GameEventID=472&GameID=0022400901&Season=2024-25&flag=1&title=Santos%20Out%20of%20Bounds%20-%20Bad%20Pass%20Turnover%20Turnover%20(P1.T13),A player with jersey number 10 and jersey color white performed a Foul.,47.006255865097046,30753.0
https://www.nba.com/stats/events/?CFID=&CFPARAMS=&GameEventID=586&GameID=0022401227&Season=2024-25&flag=1&title=Hart%20Out%20of%20Bounds%20-%20Bad%20Pass%20Turnover%20Turnover%20(P5.T16),A player with jersey number 3 and jersey color blue performed a 3PT Shot that was made.,55.075294971466064,31885.0
