urls;actions;numerosity;original_index;main_action
https://www.nba.com/stats/events/?CFID=&CFPARAMS=&GameEventID=464&GameID=0022400366&Season=2024-25&flag=1&title=Jackson%20Jr.%2011%27%20Driving%20Floating%20Jump%20Shot%20(13%20PTS)%20(Pippen%20Jr.%205%20AST);[{'player': '13', 'action': '2PT Shot', 'result': True, 'assisted': True, 'other_player': '1', 'color': 'blue'}];1;281;2PT Shot
https://www.nba.com/stats/events/?CFID=&CFPARAMS=&GameEventID=187&GameID=0022400871&Season=2024-25&flag=1&title=Sochan%205%27%20Cutting%20Layup%20Shot%20(7%20PTS)%20(Champagnie%201%20AST);[{'player': '10', 'action': '2PT Shot', 'result': True, 'assisted': True, 'other_player': '30', 'color': 'black'}];1;265;2PT Shot
https://www.nba.com/stats/events/?CFID=&CFPARAMS=&GameEventID=550&GameID=0022400375&Season=2024-25&flag=1&title=Herro%203%27%20Reverse%20Layup%20(22%20PTS)%20(Smith%203%20AST);[{'player': '14', 'action': '2PT Shot', 'result': True, 'assisted': True, 'other_player': '12', 'color': 'black'}];1;164;2PT Shot
https://www.nba.com/stats/events/?CFID=&CFPARAMS=&GameEventID=52&GameID=0022400874&Season=2024-25&flag=1&title=Harden%203%27%20Driving%20Finger%20Roll%20Layup%20(2%20PTS)%20(Powell%201%20AST);[{'player': '1', 'action': '2PT Shot', 'result': True, 'assisted': True, 'other_player': '24', 'color': 'blue'}];1;9;2PT Shot
https://www.nba.com/stats/events/?CFID=&CFPARAMS=&GameEventID=92&GameID=0022400867&Season=2024-25&flag=1&title=Sharpe%2010%27%20Driving%20Floating%20Jump%20Shot%20(7%20PTS);[{'player': '17', 'action': '2PT Shot', 'result': True, 'assisted': False, 'other_player': None, 'color': 'red'}];1;77;2PT Shot
https://www.nba.com/stats/events/?CFID=&CFPARAMS=&GameEventID=155&GameID=0022401216&Season=2024-25&flag=1&title=Green%201%27%20Cutting%20Dunk%20Shot%20(4%20PTS)%20(Theis%201%20AST);[{'player': '4', 'action': '2PT Shot', 'result': True, 'assisted': True, 'other_player': '10', 'color': 'blue'}];1;278;2PT Shot
https://www.nba.com/stats/events/?CFID=&CFPARAMS=&GameEventID=170&GameID=0022400374&Season=2024-25&flag=1&title=Antetokounmpo%201%27%20Driving%20Layup%20(7%20PTS);[{'player': '34', 'action': '2PT Shot', 'result': True, 'assisted': False, 'other_player': None, 'color': 'black'}];1;93;2PT Shot
https://www.nba.com/stats/events/?CFID=&CFPARAMS=&GameEventID=93&GameID=0022400864&Season=2024-25&flag=1&title=Curry%201%27%20Cutting%20Layup%20Shot%20(6%20PTS)%20(Green%202%20AST);[{'player': '30', 'action': '2PT Shot', 'result': True, 'assisted': True, 'other_player': '23', 'color': 'blue'}];1;109;2PT Shot
https://www.nba.com/stats/events/?CFID=&CFPARAMS=&GameEventID=38&GameID=0022401224&Season=2024-25&flag=1&title=Mitchell%2015%27%20Turnaround%20Jump%20Shot%20(2%20PTS);[{'player': '45', 'action': '2PT Shot', 'result': True, 'assisted': False, 'other_player': None, 'color': 'white'}];1;5;2PT Shot
https://www.nba.com/stats/events/?CFID=&CFPARAMS=&GameEventID=56&GameID=0022400865&Season=2024-25&flag=1&title=Irving%202%27%20Driving%20Finger%20Roll%20Layup%20(2%20PTS);[{'player': '11', 'action': '2PT Shot', 'result': True, 'assisted': False, 'other_player': None, 'color': 'white'}];1;173;2PT Shot
https://www.nba.com/stats/events/?CFID=&CFPARAMS=&GameEventID=580&GameID=0022401218&Season=2024-25&flag=1&title=Sochan%2012%27%20Turnaround%20Jump%20Shot%20(16%20PTS)%20(Wembanyama%205%20AST);[{'player': '10', 'action': '2PT Shot', 'result': True, 'assisted': True, 'other_player': '1', 'color': 'white'}];1;97;2PT Shot
https://www.nba.com/stats/events/?CFID=&CFPARAMS=&GameEventID=192&GameID=0022400433&Season=2024-25&flag=1&title=Williams%204%27%20Running%20Layup%20(2%20PTS)%20(Sexton%204%20AST);[{'player': '5', 'action': '2PT Shot', 'result': True, 'assisted': True, 'other_player': '2', 'color': 'purple'}];1;195;2PT Shot
https://www.nba.com/stats/events/?CFID=&CFPARAMS=&GameEventID=76&GameID=0022400919&Season=2024-25&flag=1&title=Curry%2019%27%20Step%20Back%20Jump%20Shot%20(5%20PTS)%20(Green%201%20AST);[{'player': '30', 'action': '2PT Shot', 'result': True, 'assisted': True, 'other_player': '23', 'color': 'white'}];1;184;2PT Shot
https://www.nba.com/stats/events/?CFID=&CFPARAMS=&GameEventID=245&GameID=0022400862&Season=2024-25&flag=1&title=Sengun%202%27%20Driving%20Dunk%20(14%20PTS);[{'player': '28', 'action': '2PT Shot', 'result': True, 'assisted': False, 'other_player': None, 'color': 'red'}];1;154;2PT Shot
https://www.nba.com/stats/events/?CFID=&CFPARAMS=&GameEventID=353&GameID=0022401219&Season=2024-25&flag=1&title=Clingan%203%27%20Layup%20(10%20PTS)%20(Grant%202%20AST);[{'player': '23', 'action': '2PT Shot', 'result': True, 'assisted': True, 'other_player': '9', 'color': 'white'}];1;57;2PT Shot
https://www.nba.com/stats/events/?CFID=&CFPARAMS=&GameEventID=305&GameID=0022400872&Season=2024-25&flag=1&title=Williamson%207%27%20Driving%20Layup%20(14%20PTS)%20(McCollum%203%20AST);[{'player': '1', 'action': '2PT Shot', 'result': True, 'assisted': True, 'other_player': '3', 'color': 'white'}];1;60;2PT Shot
https://www.nba.com/stats/events/?CFID=&CFPARAMS=&GameEventID=556&GameID=0022401218&Season=2024-25&flag=1&title=Gobert%201%27%20Alley%20Oop%20Dunk%20(6%20PTS)%20(DiVincenzo%201%20AST);[{'player': '27', 'action': '2PT Shot', 'result': True, 'assisted': True, 'other_player': '0', 'color': 'green'}];1;147;2PT Shot
https://www.nba.com/stats/events/?CFID=&CFPARAMS=&GameEventID=570&GameID=0022400887&Season=2024-25&flag=1&title=McDaniels%2016%27%20Fadeaway%20Jumper%20(17%20PTS)%20(DiVincenzo%207%20AST);[{'player': '3', 'action': '2PT Shot', 'result': True, 'assisted': True, 'other_player': '0', 'color': 'blue'}];1;108;2PT Shot
https://www.nba.com/stats/events/?CFID=&CFPARAMS=&GameEventID=632&GameID=0022401216&Season=2024-25&flag=1&title=Siakam%203%27%20Finger%20Roll%20Layup%20(22%20PTS)%20(Haliburton%208%20AST);[{'player': '43', 'action': '2PT Shot', 'result': True, 'assisted': True, 'other_player': '0', 'color': 'white'}];1;63;2PT Shot
https://www.nba.com/stats/events/?CFID=&CFPARAMS=&GameEventID=22&GameID=0022400923&Season=2024-25&flag=1&title=Edey%2011%27%20Floating%20Jump%20Shot%20(2%20PTS)%20(Bane%201%20AST);[{'player': '14', 'action': '2PT Shot', 'result': True, 'assisted': True, 'other_player': '22', 'color': 'white'}];1;140;2PT Shot
https://www.nba.com/stats/events/?CFID=&CFPARAMS=&GameEventID=700&GameID=0022400894&Season=2024-25&flag=1&title=Filipowski%203%27%20Layup%20(23%20PTS);[{'player': '22', 'action': '2PT Shot', 'result': True, 'assisted': False, 'other_player': None, 'color': 'white'}];1;155;2PT Shot
https://www.nba.com/stats/events/?CFID=&CFPARAMS=&GameEventID=221&GameID=0022401223&Season=2024-25&flag=1&title=Walter%207%27%20Driving%20Floating%20Jump%20Shot%20(4%20PTS);[{'player': '14', 'action': '2PT Shot', 'result': True, 'assisted': False, 'other_player': None, 'color': 'red'}];1;104;2PT Shot
https://www.nba.com/stats/events/?CFID=&CFPARAMS=&GameEventID=524&GameID=0022401218&Season=2024-25&flag=1&title=DiVincenzo%203%27%20Driving%20Layup%20(5%20PTS)%20(Conley%206%20AST);[{'player': '0', 'action': '2PT Shot', 'result': True, 'assisted': True, 'other_player': '10', 'color': 'green'}];1;247;2PT Shot
https://www.nba.com/stats/events/?CFID=&CFPARAMS=&GameEventID=429&GameID=0022400368&Season=2024-25&flag=1&title=Porter%20Jr.%2013%27%20Step%20Back%20Jump%20Shot%20(4%20PTS);[{'player': '77', 'action': '2PT Shot', 'result': True, 'assisted': False, 'other_player': None, 'color': 'blue'}];1;46;2PT Shot
https://www.nba.com/stats/events/?CFID=&CFPARAMS=&GameEventID=381&GameID=0022400864&Season=2024-25&flag=1&title=Oubre%20Jr.%201%27%20Driving%20Reverse%20Layup%20(17%20PTS);[{'player': '9', 'action': '2PT Shot', 'result': True, 'assisted': False, 'other_player': None, 'color': 'white'}];1;42;2PT Shot
https://www.nba.com/stats/events/?CFID=&CFPARAMS=&GameEventID=607&GameID=0022401227&Season=2024-25&flag=1&title=Anthony%202%27%20Driving%20Layup%20(4%20PTS);[{'player': '0', 'action': '2PT Shot', 'result': True, 'assisted': False, 'other_player': None, 'color': 'white'}];1;275;2PT Shot
https://www.nba.com/stats/events/?CFID=&CFPARAMS=&GameEventID=17&GameID=0022400868&Season=2024-25&flag=1&title=Bulls%20Rebound;[{'player': '3', 'action': '2PT Shot', 'result': False, 'assisted': False, 'other_player': None, 'color': 'red'}];1;280;2PT Shot
https://www.nba.com/stats/events/?CFID=&CFPARAMS=&GameEventID=31&GameID=0022401219&Season=2024-25&flag=1&title=Nurkic%202%27%20Cutting%20Dunk%20Shot%20(3%20PTS)%20(Jones%201%20AST);[{'player': '20', 'action': '2PT Shot', 'result': True, 'assisted': True, 'other_player': '21', 'color': 'purple'}];1;116;2PT Shot
https://www.nba.com/stats/events/?CFID=&CFPARAMS=&GameEventID=47&GameID=0022400910&Season=2024-25&flag=1&title=Vassell%2014%27%20Pullup%20Jump%20Shot%20(4%20PTS);[{'player': '24', 'action': '2PT Shot', 'result': True, 'assisted': False, 'other_player': None, 'color': 'white'}];1;213;2PT Shot
https://www.nba.com/stats/events/?CFID=&CFPARAMS=&GameEventID=412&GameID=0022400402&Season=2024-25&flag=1&title=Beal%208%27%20Driving%20Layup%20(17%20PTS)%20(Jones%202%20AST);[{'player': '3', 'action': '2PT Shot', 'result': True, 'assisted': True, 'other_player': '21', 'color': 'purple'}];1;236;2PT Shot
https://www.nba.com/stats/events/?CFID=&CFPARAMS=&GameEventID=785&GameID=0022400919&Season=2024-25&flag=1&title=Cunningham%206%27%20Running%20Layup%20(29%20PTS);[{'player': '2', 'action': '2PT Shot', 'result': True, 'assisted': False, 'other_player': None, 'color': 'blue'}];1;17;2PT Shot
https://www.nba.com/stats/events/?CFID=&CFPARAMS=&GameEventID=337&GameID=0022400905&Season=2024-25&flag=1&title=Barnes%2011%27%20Turnaround%20Fadeaway%20(6%20PTS);[{'player': '4', 'action': '2PT Shot', 'result': True, 'assisted': False, 'other_player': None, 'color': 'purple'}];1;239;2PT Shot
https://www.nba.com/stats/events/?CFID=&CFPARAMS=&GameEventID=486&GameID=0022401222&Season=2024-25&flag=1&title=Maxey%201%27%20Driving%20Layup%20(30%20PTS)%20(Oubre%20Jr.%204%20AST);[{'player': '0', 'action': '2PT Shot', 'result': True, 'assisted': True, 'other_player': '9', 'color': 'white'}];1;33;2PT Shot
https://www.nba.com/stats/events/?CFID=&CFPARAMS=&GameEventID=585&GameID=0022400901&Season=2024-25&flag=1&title=Post%2014%27%20Floating%20Jump%20Shot%20(10%20PTS)%20(Curry%204%20AST);[{'player': '21', 'action': '2PT Shot', 'result': True, 'assisted': True, 'other_player': '30', 'color': 'white'}];1;24;2PT Shot
https://www.nba.com/stats/events/?CFID=&CFPARAMS=&GameEventID=73&GameID=0022400885&Season=2024-25&flag=1&title=MISS%20Curry%203%27%20Driving%20Finger%20Roll%20Layup;[{'player': '30', 'action': '2PT Shot', 'result': False, 'assisted': False, 'other_player': None, 'color': 'blue'}];1;45;2PT Shot
https://www.nba.com/stats/events/?CFID=&CFPARAMS=&GameEventID=525&GameID=0022400884&Season=2024-25&flag=1&title=Capela%201%27%20Layup%20(8%20PTS)%20(Young%2010%20AST);[{'player': '15', 'action': '2PT Shot', 'result': True, 'assisted': True, 'other_player': '11', 'color': 'red'}];1;7;2PT Shot
https://www.nba.com/stats/events/?CFID=&CFPARAMS=&GameEventID=484&GameID=0022400375&Season=2024-25&flag=1&title=J.%20Williams%2012%27%20Pullup%20Jump%20Shot%20(24%20PTS)%20(Caruso%204%20AST);[{'player': '8', 'action': '2PT Shot', 'result': True, 'assisted': True, 'other_player': '9', 'color': 'orange'}];1;113;2PT Shot
https://www.nba.com/stats/events/?CFID=&CFPARAMS=&GameEventID=320&GameID=0022400910&Season=2024-25&flag=1&title=LaVine%2017%27%20Fadeaway%20Jumper%20(23%20PTS)%20(Valan%C4%8Di%C5%ABnas%204%20AST);[{'player': '8', 'action': '2PT Shot', 'result': True, 'assisted': True, 'other_player': '17', 'color': 'black'}];1;194;2PT Shot
https://www.nba.com/stats/events/?CFID=&CFPARAMS=&GameEventID=448&GameID=0022400887&Season=2024-25&flag=1&title=TIMBERWOLVES%20Rebound;[{'player': '9', 'action': '2PT Shot', 'result': False, 'assisted': False, 'other_player': None, 'color': 'white'}];1;111;2PT Shot
https://www.nba.com/stats/events/?CFID=&CFPARAMS=&GameEventID=232&GameID=0022400886&Season=2024-25&flag=1&title=Horton-Tucker%201%27%20Driving%20Finger%20Roll%20Layup%20(12%20PTS);[{'player': '22', 'action': '2PT Shot', 'result': True, 'assisted': False, 'other_player': None, 'color': 'white'}];1;92;2PT Shot
https://www.nba.com/stats/events/?CFID=&CFPARAMS=&GameEventID=482&GameID=0022401223&Season=2024-25&flag=1&title=MISS%20Vucevic%203%27%20Reverse%20Layup;[{'player': '9', 'action': '2PT Shot', 'result': False, 'assisted': False, 'other_player': None, 'color': 'black'}];1;75;2PT Shot
https://www.nba.com/stats/events/?CFID=&CFPARAMS=&GameEventID=399&GameID=0022400367&Season=2024-25&flag=1&title=Randle%202%27%20Running%20Layup%20(23%20PTS)%20(Edwards%206%20AST);[{'player': '30', 'action': '2PT Shot', 'result': True, 'assisted': True, 'other_player': '5', 'color': 'white'}];1;82;2PT Shot
https://www.nba.com/stats/events/?CFID=&CFPARAMS=&GameEventID=611&GameID=0022400860&Season=2024-25&flag=1&title=Smith%20Jr.%2015%27%20Pullup%20Jump%20Shot%20(12%20PTS)%20(Green%205%20AST);[{'player': '8', 'action': '2PT Shot', 'result': True, 'assisted': True, 'other_player': '10', 'color': 'blue'}];1;118;2PT Shot
https://www.nba.com/stats/events/?CFID=&CFPARAMS=&GameEventID=391&GameID=0022400865&Season=2024-25&flag=1&title=Lillard%208%27%20Running%20Finger%20Roll%20Layup%20(18%20PTS)%20(Prince%204%20AST);[{'player': '0', 'action': '2PT Shot', 'result': True, 'assisted': True, 'other_player': '12', 'color': 'green'}];1;76;2PT Shot
https://www.nba.com/stats/events/?CFID=&CFPARAMS=&GameEventID=307&GameID=0022400952&Season=2024-25&flag=1&title=McDaniels%203%27%20Running%20Layup%20(8%20PTS)%20(Gobert%202%20AST);[{'player': '3', 'action': '2PT Shot', 'result': True, 'assisted': True, 'other_player': '27', 'color': 'blue'}];1;129;2PT Shot
https://www.nba.com/stats/events/?CFID=&CFPARAMS=&GameEventID=585&GameID=0022400866&Season=2024-25&flag=1&title=Murray%203%27%20Driving%20Layup%20(24%20PTS);[{'player': '27', 'action': '2PT Shot', 'result': True, 'assisted': False, 'other_player': None, 'color': 'white'}];1;197;2PT Shot
https://www.nba.com/stats/events/?CFID=&CFPARAMS=&GameEventID=462&GameID=0022401219&Season=2024-25&flag=1&title=Dunn%203%27%20Reverse%20Layup%20(2%20PTS)%20(Booker%204%20AST);[{'player': '0', 'action': '2PT Shot', 'result': True, 'assisted': True, 'other_player': '1', 'color': 'purple'}];1;210;2PT Shot
https://www.nba.com/stats/events/?CFID=&CFPARAMS=&GameEventID=15&GameID=0022400433&Season=2024-25&flag=1&title=Clarkson%2023%27%20Jump%20Shot%20(2%20PTS)%20(Sexton%201%20AST);[{'player': '00', 'action': '2PT Shot', 'result': True, 'assisted': True, 'other_player': '2', 'color': 'purple'}];1;288;2PT Shot
https://www.nba.com/stats/events/?CFID=&CFPARAMS=&GameEventID=70&GameID=0022400865&Season=2024-25&flag=1&title=Washington%205%27%20Driving%20Hook%20Shot%20(2%20PTS);[{'player': '25', 'action': '2PT Shot', 'result': True, 'assisted': False, 'other_player': None, 'color': 'white'}];1;219;2PT Shot
https://www.nba.com/stats/events/?CFID=&CFPARAMS=&GameEventID=552&GameID=0022400378&Season=2024-25&flag=1&title=LaRavia%2015%27%20Fadeaway%20Jumper%20(11%20PTS)%20(Konchar%201%20AST);[{'player': '3', 'action': '2PT Shot', 'result': True, 'assisted': True, 'other_player': '46', 'color': 'blue'}];1;178;2PT Shot
https://www.nba.com/stats/events/?CFID=&CFPARAMS=&GameEventID=518&GameID=0022400860&Season=2024-25&flag=1&title=Kispert%208%27%20Driving%20Floating%20Jump%20Shot%20(10%20PTS)%20(Holmes%203%20AST);[{'player': '24', 'action': '2PT Shot', 'result': True, 'assisted': True, 'other_player': '22', 'color': 'white'}];1;144;2PT Shot
https://www.nba.com/stats/events/?CFID=&CFPARAMS=&GameEventID=154&GameID=0022400860&Season=2024-25&flag=1&title=Green%201%27%20Pullup%20Jump%20Shot%20(8%20PTS);[{'player': '10', 'action': '2PT Shot', 'result': True, 'assisted': False, 'other_player': None, 'color': 'blue'}];1;186;2PT Shot
https://www.nba.com/stats/events/?CFID=&CFPARAMS=&GameEventID=48&GameID=0022400384&Season=2024-25&flag=1&title=McCollum%2011%27%20Step%20Back%20Jump%20Shot%20(4%20PTS);[{'player': '3', 'action': '2PT Shot', 'result': True, 'assisted': False, 'other_player': None, 'color': 'red'}];1;84;2PT Shot
https://www.nba.com/stats/events/?CFID=&CFPARAMS=&GameEventID=55&GameID=0022400394&Season=2024-25&flag=1&title=Sochan%201%27%20Reverse%20Layup%20(4%20PTS)%20(Wembanyama%201%20AST);[{'player': '10', 'action': '2PT Shot', 'result': True, 'assisted': True, 'other_player': '1', 'color': 'black'}];1;248;2PT Shot
https://www.nba.com/stats/events/?CFID=&CFPARAMS=&GameEventID=237&GameID=0022400919&Season=2024-25&flag=1&title=Beasley%208%27%20Driving%20Floating%20Jump%20Shot%20(4%20PTS)%20(Schroder%201%20AST);[{'player': '5', 'action': '2PT Shot', 'result': True, 'assisted': True, 'other_player': '17', 'color': 'blue'}];1;277;2PT Shot
https://www.nba.com/stats/events/?CFID=&CFPARAMS=&GameEventID=147&GameID=0022400378&Season=2024-25&flag=1&title=MISS%20Jackson%20Jr.%2010%27%20Driving%20Floating%20Jump%20Shot;[{'player': '13', 'action': '2PT Shot', 'result': False, 'assisted': False, 'other_player': None, 'color': 'blue'}];1;73;2PT Shot
https://www.nba.com/stats/events/?CFID=&CFPARAMS=&GameEventID=609&GameID=0022400884&Season=2024-25&flag=1&title=Lillard%201%27%20Driving%20Layup%20(20%20PTS);[{'player': '0', 'action': '2PT Shot', 'result': True, 'assisted': False, 'other_player': None, 'color': 'white'}];1;244;2PT Shot
https://www.nba.com/stats/events/?CFID=&CFPARAMS=&GameEventID=94&GameID=0022400894&Season=2024-25&flag=1&title=Sensabaugh%203%27%20Driving%20Layup%20(8%20PTS)%20(Martin%201%20AST);[{'player': '28', 'action': '2PT Shot', 'result': True, 'assisted': True, 'other_player': '99', 'color': 'white'}];1;25;2PT Shot
https://www.nba.com/stats/events/?CFID=&CFPARAMS=&GameEventID=46&GameID=0022400901&Season=2024-25&flag=1&title=Moody%203%27%20Running%20Layup%20(2%20PTS)%20(Curry%201%20AST);[{'player': '4', 'action': '2PT Shot', 'result': True, 'assisted': True, 'other_player': '30', 'color': 'white'}];1;209;2PT Shot
https://www.nba.com/stats/events/?CFID=&CFPARAMS=&GameEventID=69&GameID=0022400898&Season=2024-25&flag=1&title=MISS%20Cunningham%2027%27%203PT%20Pullup%20Jump%20Shot;[{'player': '2', 'action': '3PT Shot', 'result': False, 'assisted': False, 'other_player': None, 'color': 'white'}];1;329;3PT Shot
https://www.nba.com/stats/events/?CFID=&CFPARAMS=&GameEventID=152&GameID=0022401222&Season=2024-25&flag=1&title=MISS%20Salaun%2030%27%203PT%20Jump%20Shot;[{'player': '31', 'action': '3PT Shot', 'result': False, 'assisted': False, 'other_player': None, 'color': 'blue'}];1;470;3PT Shot
https://www.nba.com/stats/events/?CFID=&CFPARAMS=&GameEventID=311&GameID=0022400860&Season=2024-25&flag=1&title=Green%2025%27%203PT%20Jump%20Shot%20(11%20PTS)%20(Smith%20Jr.%202%20AST);[{'player': '10', 'action': '3PT Shot', 'result': True, 'assisted': True, 'other_player': '8', 'color': 'blue'}];1;383;3PT Shot
https://www.nba.com/stats/events/?CFID=&CFPARAMS=&GameEventID=288&GameID=0022401226&Season=2024-25&flag=1&title=Powell%2024%27%203PT%20Jump%20Shot%20(16%20PTS)%20(Zubac%203%20AST);[{'player': '24', 'action': '3PT Shot', 'result': True, 'assisted': True, 'other_player': '40', 'color': 'red'}];1;497;3PT Shot
https://www.nba.com/stats/events/?CFID=&CFPARAMS=&GameEventID=624&GameID=0022400367&Season=2024-25&flag=1&title=Garza%2025%27%203PT%20Jump%20Shot%20(5%20PTS)%20(Dillingham%205%20AST);[{'player': '55', 'action': '3PT Shot', 'result': True, 'assisted': True, 'other_player': '4', 'color': 'white'}];1;359;3PT Shot
https://www.nba.com/stats/events/?CFID=&CFPARAMS=&GameEventID=314&GameID=0022400363&Season=2024-25&flag=1&title=MISS%20Brown%2026%27%203PT%20Jump%20Shot;[{'player': '7', 'action': '3PT Shot', 'result': False, 'assisted': False, 'other_player': None, 'color': 'white'}];1;454;3PT Shot
https://www.nba.com/stats/events/?CFID=&CFPARAMS=&GameEventID=40&GameID=0022400870&Season=2024-25&flag=1&title=MISS%20Wagner%2028%27%203PT%20Jump%20Shot;[{'player': '21', 'action': '3PT Shot', 'result': False, 'assisted': False, 'other_player': None, 'color': 'white'}];1;344;3PT Shot
https://www.nba.com/stats/events/?CFID=&CFPARAMS=&GameEventID=432&GameID=0022400382&Season=2024-25&flag=1&title=BUCKS%20Rebound;[{'player': '13', 'action': '3PT Shot', 'result': False, 'assisted': False, 'other_player': None, 'color': 'white'}];1;480;3PT Shot
https://www.nba.com/stats/events/?CFID=&CFPARAMS=&GameEventID=162&GameID=0022400863&Season=2024-25&flag=1&title=MISS%20Castle%2032%27%203PT%20Pullup%20Jump%20Shot;[{'player': '5', 'action': '3PT Shot', 'result': False, 'assisted': False, 'other_player': None, 'color': 'black'}];1;308;3PT Shot
https://www.nba.com/stats/events/?CFID=&CFPARAMS=&GameEventID=209&GameID=0022401228&Season=2024-25&flag=1&title=Doncic%2029%27%203PT%20Jump%20Shot%20(24%20PTS)%20(Dinwiddie%202%20AST);[{'player': '77', 'action': '3PT Shot', 'result': True, 'assisted': True, 'other_player': '26', 'color': 'white'}];1;494;3PT Shot
https://www.nba.com/stats/events/?CFID=&CFPARAMS=&GameEventID=425&GameID=0022400872&Season=2024-25&flag=1&title=George%2026%27%203PT%20Pullup%20Jump%20Shot%20(8%20PTS);[{'player': '3', 'action': '3PT Shot', 'result': True, 'assisted': False, 'other_player': None, 'color': 'purple'}];1;435;3PT Shot
https://www.nba.com/stats/events/?CFID=&CFPARAMS=&GameEventID=645&GameID=0022400869&Season=2024-25&flag=1&title=Burks%2027%27%203PT%20Pullup%20Jump%20Shot%20(12%20PTS)%20(Robinson%205%20AST);[{'player': '18', 'action': '3PT Shot', 'result': True, 'assisted': True, 'other_player': '23', 'color': 'white'}];1;485;3PT Shot
https://www.nba.com/stats/events/?CFID=&CFPARAMS=&GameEventID=82&GameID=0022401219&Season=2024-25&flag=1&title=SUNS%20Rebound;[{'player': '00', 'action': '3PT Shot', 'result': False, 'assisted': False, 'other_player': None, 'color': 'white'}];1;505;3PT Shot
https://www.nba.com/stats/events/?CFID=&CFPARAMS=&GameEventID=560&GameID=0022400926&Season=2024-25&flag=1&title=Simons%2028%27%203PT%20Jump%20Shot%20(28%20PTS)%20(Clingan%203%20AST);[{'player': '1', 'action': '3PT Shot', 'result': True, 'assisted': True, 'other_player': '23', 'color': 'white'}];1;425;3PT Shot
https://www.nba.com/stats/events/?CFID=&CFPARAMS=&GameEventID=85&GameID=0022400873&Season=2024-25&flag=1&title=MISS%20DiVincenzo%2024%27%203PT%20Jump%20Shot;[{'player': '0', 'action': '3PT Shot', 'result': False, 'assisted': False, 'other_player': None, 'color': 'white'}];1;314;3PT Shot
https://www.nba.com/stats/events/?CFID=&CFPARAMS=&GameEventID=121&GameID=0022400874&Season=2024-25&flag=1&title=Knecht%2026%27%203PT%20Step%20Back%20Jump%20Shot%20(8%20PTS);[{'player': '4', 'action': '3PT Shot', 'result': True, 'assisted': False, 'other_player': None, 'color': 'white'}];1;372;3PT Shot
https://www.nba.com/stats/events/?CFID=&CFPARAMS=&GameEventID=496&GameID=0022400374&Season=2024-25&flag=1&title=Mitchell%2025%27%203PT%20Step%20Back%20Jump%20Shot%20(27%20PTS);[{'player': '45', 'action': '3PT Shot', 'result': True, 'assisted': False, 'other_player': None, 'color': 'white'}];1;464;3PT Shot
https://www.nba.com/stats/events/?CFID=&CFPARAMS=&GameEventID=278&GameID=0022400879&Season=2024-25&flag=1&title=Holiday%2026%27%203PT%20Running%20Jump%20Shot%20(8%20PTS)%20(Whitmore%201%20AST);[{'player': '0', 'action': '3PT Shot', 'result': True, 'assisted': True, 'other_player': '7', 'color': 'black'}];1;317;3PT Shot
https://www.nba.com/stats/events/?CFID=&CFPARAMS=&GameEventID=378&GameID=0022400397&Season=2024-25&flag=1&title=MISS%20Walter%203PT%20Jump%20Shot;[{'player': '14', 'action': '3PT Shot', 'result': False, 'assisted': False, 'other_player': None, 'color': 'red'}];1;466;3PT Shot
https://www.nba.com/stats/events/?CFID=&CFPARAMS=&GameEventID=385&GameID=0022400374&Season=2024-25&flag=1&title=Strus%2028%27%203PT%20Jump%20Shot%20(3%20PTS)%20(Wade%202%20AST);[{'player': '1', 'action': '3PT Shot', 'result': True, 'assisted': True, 'other_player': '32', 'color': 'white'}];1;392;3PT Shot
https://www.nba.com/stats/events/?CFID=&CFPARAMS=&GameEventID=300&GameID=0022400872&Season=2024-25&flag=1&title=Sensabaugh%203PT%20Jump%20Shot%20(17%20PTS)%20(George%203%20AST);[{'player': '28', 'action': '3PT Shot', 'result': True, 'assisted': True, 'other_player': '3', 'color': 'purple'}];1;374;3PT Shot
https://www.nba.com/stats/events/?CFID=&CFPARAMS=&GameEventID=295&GameID=0022401224&Season=2024-25&flag=1&title=Wilson%2028%27%203PT%20Jump%20Shot%20(9%20PTS)%20(Simmons%204%20AST);[{'player': '22', 'action': '3PT Shot', 'result': True, 'assisted': True, 'other_player': '10', 'color': 'gray'}];1;354;3PT Shot
https://www.nba.com/stats/events/?CFID=&CFPARAMS=&GameEventID=345&GameID=0022400905&Season=2024-25&flag=1&title=Quickley%2025%27%203PT%20Jump%20Shot%20(13%20PTS)%20(Shead%203%20AST);[{'player': '5', 'action': '3PT Shot', 'result': True, 'assisted': True, 'other_player': '23', 'color': 'purple'}];1;446;3PT Shot
https://www.nba.com/stats/events/?CFID=&CFPARAMS=&GameEventID=185&GameID=0022400887&Season=2024-25&flag=1&title=MISS%20Alexander-Walker%2025%27%203PT%20Jump%20Shot;[{'player': '9', 'action': '3PT Shot', 'result': False, 'assisted': False, 'other_player': None, 'color': 'blue'}];1;408;3PT Shot
https://www.nba.com/stats/events/?CFID=&CFPARAMS=&GameEventID=523&GameID=0022400394&Season=2024-25&flag=1&title=Champagnie%2027%27%203PT%20Jump%20Shot%20(3%20PTS)%20(Paul%205%20AST);[{'player': '30', 'action': '3PT Shot', 'result': True, 'assisted': True, 'other_player': '3', 'color': 'black'}];1;407;3PT Shot
https://www.nba.com/stats/events/?CFID=&CFPARAMS=&GameEventID=182&GameID=0022400885&Season=2024-25&flag=1&title=Anunoby%2025%27%203PT%20Jump%20Shot%20(9%20PTS)%20(Payne%202%20AST);[{'player': '8', 'action': '3PT Shot', 'result': True, 'assisted': True, 'other_player': '1', 'color': 'white'}];1;441;3PT Shot
https://www.nba.com/stats/events/?CFID=&CFPARAMS=&GameEventID=396&GameID=0022400864&Season=2024-25&flag=1&title=Grimes%2025%27%203PT%20Jump%20Shot%20(27%20PTS)%20(Maxey%205%20AST);[{'player': '5', 'action': '3PT Shot', 'result': True, 'assisted': True, 'other_player': '0', 'color': 'white'}];1;324;3PT Shot
https://www.nba.com/stats/events/?CFID=&CFPARAMS=&GameEventID=551&GameID=0022400910&Season=2024-25&flag=1&title=LaRavia%2027%27%203PT%20Jump%20Shot%20(4%20PTS)%20(Murray%201%20AST);[{'player': '33', 'action': '3PT Shot', 'result': True, 'assisted': True, 'other_player': '13', 'color': 'black'}];1;424;3PT Shot
https://www.nba.com/stats/events/?CFID=&CFPARAMS=&GameEventID=245&GameID=0022400868&Season=2024-25&flag=1&title=Haliburton%2025%27%203PT%20Step%20Back%20Jump%20Shot%20(11%20PTS);[{'player': '0', 'action': '3PT Shot', 'result': True, 'assisted': False, 'other_player': None, 'color': 'blue'}];1;315;3PT Shot
https://www.nba.com/stats/events/?CFID=&CFPARAMS=&GameEventID=551&GameID=0022400402&Season=2024-25&flag=1&title=O%27Neale%2027%27%203PT%20Jump%20Shot%20(6%20PTS)%20(Beal%202%20AST);[{'player': '00', 'action': '3PT Shot', 'result': True, 'assisted': True, 'other_player': '3', 'color': 'purple'}];1;471;3PT Shot
https://www.nba.com/stats/events/?CFID=&CFPARAMS=&GameEventID=136&GameID=0022400873&Season=2024-25&flag=1&title=Jones%2032%27%203PT%20Pullup%20Jump%20Shot%20(6%20PTS);[{'player': '21', 'action': '3PT Shot', 'result': True, 'assisted': False, 'other_player': None, 'color': 'purple'}];1;490;3PT Shot
https://www.nba.com/stats/events/?CFID=&CFPARAMS=&GameEventID=326&GameID=0022400871&Season=2024-25&flag=1&title=Jal.%20Williams%2027%27%203PT%20Step%20Back%20Jump%20Shot%20(22%20PTS);[{'player': '8', 'action': '3PT Shot', 'result': True, 'assisted': False, 'other_player': None, 'color': 'blue'}];1;368;3PT Shot
https://www.nba.com/stats/events/?CFID=&CFPARAMS=&GameEventID=392&GameID=0022400860&Season=2024-25&flag=1&title=Sarr%2027%27%203PT%20Jump%20Shot%20(7%20PTS)%20(George%205%20AST);[{'player': '20', 'action': '3PT Shot', 'result': True, 'assisted': True, 'other_player': '18', 'color': 'white'}];1;400;3PT Shot
https://www.nba.com/stats/events/?CFID=&CFPARAMS=&GameEventID=41&GameID=0022400382&Season=2024-25&flag=1&title=Middleton%2027%27%203PT%20Jump%20Shot%20(5%20PTS)%20(Portis%203%20AST);[{'player': '32', 'action': '3PT Shot', 'result': True, 'assisted': True, 'other_player': '9', 'color': 'white'}];1;366;3PT Shot
https://www.nba.com/stats/events/?CFID=&CFPARAMS=&GameEventID=58&GameID=0022400384&Season=2024-25&flag=1&title=Towns%2026%27%203PT%20Jump%20Shot%20(3%20PTS)%20(Anunoby%202%20AST);[{'player': '32', 'action': '3PT Shot', 'result': True, 'assisted': True, 'other_player': '8', 'color': 'blue'}];1;403;3PT Shot
https://www.nba.com/stats/events/?CFID=&CFPARAMS=&GameEventID=292&GameID=0022400382&Season=2024-25&flag=1&title=Rollins%203PT%20Jump%20Shot%20(6%20PTS)%20(Portis%205%20AST);[{'player': '13', 'action': '3PT Shot', 'result': True, 'assisted': True, 'other_player': '9', 'color': 'green'}];1;431;3PT Shot
https://www.nba.com/stats/events/?CFID=&CFPARAMS=&GameEventID=183&GameID=0022400365&Season=2024-25&flag=1&title=Brooks%2024%27%203PT%20Jump%20Shot%20(9%20PTS)%20(Thompson%201%20AST);[{'player': '9', 'action': '3PT Shot', 'result': True, 'assisted': True, 'other_player': '1', 'color': 'red'}];1;506;3PT Shot
https://www.nba.com/stats/events/?CFID=&CFPARAMS=&GameEventID=68&GameID=0022400873&Season=2024-25&flag=1&title=Booker%2025%27%203PT%20Jump%20Shot%20(10%20PTS)%20(Durant%202%20AST);[{'player': '1', 'action': '3PT Shot', 'result': True, 'assisted': True, 'other_player': '35', 'color': 'purple'}];1;394;3PT Shot
https://www.nba.com/stats/events/?CFID=&CFPARAMS=&GameEventID=568&GameID=0022401227&Season=2024-25&flag=1&title=Suggs%2029%27%203PT%20Pullup%20Jump%20Shot%20(9%20PTS);[{'player': '4', 'action': '3PT Shot', 'result': True, 'assisted': False, 'other_player': None, 'color': 'white'}];1;381;3PT Shot
https://www.nba.com/stats/events/?CFID=&CFPARAMS=&GameEventID=624&GameID=0022401225&Season=2024-25&flag=1&title=Tyson%2025%27%203PT%20Jump%20Shot%20(5%20PTS);[{'player': '5', 'action': '3PT Shot', 'result': True, 'assisted': False, 'other_player': None, 'color': 'white'}];1;458;3PT Shot
https://www.nba.com/stats/events/?CFID=&CFPARAMS=&GameEventID=717&GameID=0022401224&Season=2024-25&flag=1&title=K.%20Johnson%2026%27%203PT%20Jump%20Shot%20(5%20PTS)%20(Simmons%208%20AST);[{'player': '45', 'action': '3PT Shot', 'result': True, 'assisted': True, 'other_player': '10', 'color': 'gray'}];1;495;3PT Shot
https://www.nba.com/stats/events/?CFID=&CFPARAMS=&GameEventID=518&GameID=0022400371&Season=2024-25&flag=1&title=Jordan%20S.FOUL%20(P2.T2)%20(C.Washington);[{'player': '6', 'action': 'Foul', 'result': None, 'assisted': None, 'other_player': None, 'color': 'white'}];1;645;Foul
https://www.nba.com/stats/events/?CFID=&CFPARAMS=&GameEventID=434&GameID=0022400886&Season=2024-25&flag=1&title=Buzelis%20P.FOUL%20(P2.PN)%20(C.Kirkland);[{'player': '14', 'action': 'Foul', 'result': None, 'assisted': None, 'other_player': None, 'color': 'white'}];1;538;Foul
https://www.nba.com/stats/events/?CFID=&CFPARAMS=&GameEventID=412&GameID=0022400898&Season=2024-25&flag=1&title=Coffey%20S.FOUL%20(P2.T4)%20(B.Nansel);[{'player': '7', 'action': 'Foul', 'result': None, 'assisted': None, 'other_player': None, 'color': 'blue'}];1;627;Foul
https://www.nba.com/stats/events/?CFID=&CFPARAMS=&GameEventID=430&GameID=0022400394&Season=2024-25&flag=1&title=Bassey%20S.FOUL%20(P2.PN)%20(J.Schroeder);[{'player': '28', 'action': 'Foul', 'result': None, 'assisted': None, 'other_player': None, 'color': 'black'}];1;537;Foul
https://www.nba.com/stats/events/?CFID=&CFPARAMS=&GameEventID=723&GameID=0022400923&Season=2024-25&flag=1&title=Brown%20P.FOUL%20(P1.PN)%20(J.Butler);[{'player': '00', 'action': 'Foul', 'result': None, 'assisted': None, 'other_player': None, 'color': 'blue'}];1;650;Foul
https://www.nba.com/stats/events/?CFID=&CFPARAMS=&GameEventID=291&GameID=0022400901&Season=2024-25&flag=1&title=Looney%20P.FOUL%20(P2.T2)%20(B.Kennedy);[{'player': '5', 'action': 'Foul', 'result': None, 'assisted': None, 'other_player': None, 'color': 'white'}];1;669;Foul
https://www.nba.com/stats/events/?CFID=&CFPARAMS=&GameEventID=93&GameID=0022400862&Season=2024-25&flag=1&title=DeRozan%20S.FOUL%20(P1.T2)%20(J.DeRosa);[{'player': '10', 'action': 'Foul', 'result': None, 'assisted': None, 'other_player': None, 'color': 'black'}];1;672;Foul
https://www.nba.com/stats/events/?CFID=&CFPARAMS=&GameEventID=94&GameID=0022400363&Season=2024-25&flag=1&title=LaVine%20P.FOUL%20(P1.T1)%20(T.Brothers);[{'player': '8', 'action': 'Foul', 'result': None, 'assisted': None, 'other_player': None, 'color': 'black'}];1;559;Foul
https://www.nba.com/stats/events/?CFID=&CFPARAMS=&GameEventID=348&GameID=0022400398&Season=2024-25&flag=1&title=Williams%20S.FOUL%20(P1.T1)%20(D.Scott);[{'player': '44', 'action': 'Foul', 'result': None, 'assisted': None, 'other_player': None, 'color': 'white'}];1;613;Foul
https://www.nba.com/stats/events/?CFID=&CFPARAMS=&GameEventID=294&GameID=0022400871&Season=2024-25&flag=1&title=Vassell%20S.FOUL%20(P1.PN)%20(K.Cutler);[{'player': '24', 'action': 'Foul', 'result': None, 'assisted': None, 'other_player': None, 'color': 'black'}];1;568;Foul
https://www.nba.com/stats/events/?CFID=&CFPARAMS=&GameEventID=491&GameID=0022400870&Season=2024-25&flag=1&title=Robinson%20S.FOUL%20(P2.PN)%20(T.Brothers);[{'player': '21', 'action': 'Foul', 'result': None, 'assisted': None, 'other_player': None, 'color': 'red'}];1;523;Foul
https://www.nba.com/stats/events/?CFID=&CFPARAMS=&GameEventID=20&GameID=0022400366&Season=2024-25&flag=1&title=Jackson%20Jr.%20P.FOUL%20(P1.T1)%20(B.Forte);[{'player': '13', 'action': 'Foul', 'result': None, 'assisted': None, 'other_player': None, 'color': 'blue'}];1;664;Foul
https://www.nba.com/stats/events/?CFID=&CFPARAMS=&GameEventID=24&GameID=0022400952&Season=2024-25&flag=1&title=Porter%20Jr.%20P.FOUL%20(P1.T1)%20(M.Ervin);[{'player': '1', 'action': 'Foul', 'result': None, 'assisted': None, 'other_player': None, 'color': 'white'}];1;641;Foul
https://www.nba.com/stats/events/?CFID=&CFPARAMS=&GameEventID=700&GameID=0022400926&Season=2024-25&flag=1&title=Grant%20P.FOUL%20(P2.PN)%20(T.Maddox);[{'player': '9', 'action': 'Foul', 'result': None, 'assisted': None, 'other_player': None, 'color': 'white'}];1;553;Foul
https://www.nba.com/stats/events/?CFID=&CFPARAMS=&GameEventID=9&GameID=0022400862&Season=2024-25&flag=1&title=Sengun%20S.FOUL%20(P1.T1)%20(K.Lane);[{'player': '28', 'action': 'Foul', 'result': None, 'assisted': None, 'other_player': None, 'color': 'red'}];1;576;Foul
https://www.nba.com/stats/events/?CFID=&CFPARAMS=&GameEventID=382&GameID=0022400901&Season=2024-25&flag=1&title=Santos%20S.FOUL%20(P1.T4)%20(D.Richardson);[{'player': '15', 'action': 'Foul', 'result': None, 'assisted': None, 'other_player': None, 'color': 'white'}];1;593;Foul
https://www.nba.com/stats/events/?CFID=&CFPARAMS=&GameEventID=175&GameID=0022400868&Season=2024-25&flag=1&title=Horton-Tucker%20S.FOUL%20(P1.T1)%20(C.Washington);[{'player': '22', 'action': 'Foul', 'result': None, 'assisted': None, 'other_player': None, 'color': 'red'}];1;532;Foul
https://www.nba.com/stats/events/?CFID=&CFPARAMS=&GameEventID=630&GameID=0022400375&Season=2024-25&flag=1&title=Dort%20S.FOUL%20(P5.PN)%20(M.Lindsay);[{'player': '5', 'action': 'Foul', 'result': None, 'assisted': None, 'other_player': None, 'color': 'orange'}];1;617;Foul
https://www.nba.com/stats/events/?CFID=&CFPARAMS=&GameEventID=179&GameID=0022400869&Season=2024-25&flag=1&title=Anderson%20S.FOUL%20(P1.T1)%20(T.Ricks);[{'player': '20', 'action': 'Foul', 'result': None, 'assisted': None, 'other_player': None, 'color': 'black'}];1;583;Foul
https://www.nba.com/stats/events/?CFID=&CFPARAMS=&GameEventID=501&GameID=0022400886&Season=2024-25&flag=1&title=Okoro%20P.FOUL%20(P3.PN)%20(S.Corbin);[{'player': '35', 'action': 'Foul', 'result': None, 'assisted': None, 'other_player': None, 'color': 'black'}];1;616;Foul
https://www.nba.com/stats/events/?CFID=&CFPARAMS=&GameEventID=169&GameID=0022400363&Season=2024-25&flag=1&title=Horford%20S.FOUL%20(P1.T1)%20(J.Van%20Duyne);[{'player': '42', 'action': 'Foul', 'result': None, 'assisted': None, 'other_player': None, 'color': 'white'}];1;527;Foul
https://www.nba.com/stats/events/?CFID=&CFPARAMS=&GameEventID=601&GameID=0022400866&Season=2024-25&flag=1&title=Porter%20Jr.%20Personal%20Take%20Foul%20(P2.PN)%20(E.Scott);[{'player': '1', 'action': 'Foul', 'result': None, 'assisted': None, 'other_player': None, 'color': 'white'}];1;524;Foul
https://www.nba.com/stats/events/?CFID=&CFPARAMS=&GameEventID=327&GameID=0022400402&Season=2024-25&flag=1&title=Porter%20Jr.%20S.FOUL%20(P1.PN)%20(K.Cutler);[{'player': '1', 'action': 'Foul', 'result': None, 'assisted': None, 'other_player': None, 'color': 'white'}];1;539;Foul
https://www.nba.com/stats/events/?CFID=&CFPARAMS=&GameEventID=293&GameID=0022400919&Season=2024-25&flag=1&title=Duren%20S.FOUL%20(P2.PN)%20(R.Hussey);[{'player': '0', 'action': 'Foul', 'result': None, 'assisted': None, 'other_player': None, 'color': 'blue'}];1;526;Foul
https://www.nba.com/stats/events/?CFID=&CFPARAMS=&GameEventID=334&GameID=0022400860&Season=2024-25&flag=1&title=Middleton%20P.FOUL%20(P1.PN)%20(J.Goble);[{'player': '32', 'action': 'Foul', 'result': None, 'assisted': None, 'other_player': None, 'color': 'white'}];1;520;Foul
https://www.nba.com/stats/events/?CFID=&CFPARAMS=&GameEventID=550&GameID=0022401220&Season=2024-25&flag=1&title=Koloko%20S.FOUL%20(P2.PN)%20(C.Kirkland);[{'player': '10', 'action': 'Foul', 'result': None, 'assisted': None, 'other_player': None, 'color': 'white'}];1;517;Foul
https://www.nba.com/stats/events/?CFID=&CFPARAMS=&GameEventID=761&GameID=0022400919&Season=2024-25&flag=1&title=Beasley%20S.FOUL%20(P3.T4)%20(R.Hussey);[{'player': '5', 'action': 'Foul', 'result': None, 'assisted': None, 'other_player': None, 'color': 'blue'}];1;590;Foul
https://www.nba.com/stats/events/?CFID=&CFPARAMS=&GameEventID=263&GameID=0022401221&Season=2024-25&flag=1&title=Smith%20P.FOUL%20(P2.T4)%20(A.Nagy);[{'player': '12', 'action': 'Foul', 'result': None, 'assisted': None, 'other_player': None, 'color': 'red'}];1;606;Foul
https://www.nba.com/stats/events/?CFID=&CFPARAMS=&GameEventID=303&GameID=0022401223&Season=2024-25&flag=1&title=Olynyk%20P.FOUL%20(P2.T2)%20(S.Mehta);[{'player': '41', 'action': 'Foul', 'result': None, 'assisted': None, 'other_player': None, 'color': 'red'}];1;584;Foul
https://www.nba.com/stats/events/?CFID=&CFPARAMS=&GameEventID=327&GameID=0022401219&Season=2024-25&flag=1&title=Grant%20P.FOUL%20(P2.T1)%20(T.Ford);[{'player': '9', 'action': 'Foul', 'result': None, 'assisted': None, 'other_player': None, 'color': 'white'}];1;563;Foul
https://www.nba.com/stats/events/?CFID=&CFPARAMS=&GameEventID=123&GameID=0022400910&Season=2024-25&flag=1&title=DeRozan%20P.FOUL%20(P1.T2)%20(S.Twardoski);[{'player': '10', 'action': 'Foul', 'result': None, 'assisted': None, 'other_player': None, 'color': 'black'}];1;550;Foul
https://www.nba.com/stats/events/?CFID=&CFPARAMS=&GameEventID=528&GameID=0022400885&Season=2024-25&flag=1&title=McBride%20S.FOUL%20(P1.T4)%20(C.Washington);[{'player': '2', 'action': 'Foul', 'result': None, 'assisted': None, 'other_player': None, 'color': 'white'}];1;564;Foul
https://www.nba.com/stats/events/?CFID=&CFPARAMS=&GameEventID=346&GameID=0022400363&Season=2024-25&flag=1&title=White%20P.FOUL%20(P2.T1)%20(T.Brothers);[{'player': '0', 'action': 'Foul', 'result': None, 'assisted': None, 'other_player': None, 'color': 'black'}];1;656;Foul
https://www.nba.com/stats/events/?CFID=&CFPARAMS=&GameEventID=560&GameID=0022400898&Season=2024-25&flag=1&title=Harden%20Free%20Throw%201%20of%202%20(46%20PTS);[{'player': '1', 'action': 'Free Throw', 'result': True, 'assisted': False, 'other_player': None, 'color': 'blue'}];1;855;Free Throw
https://www.nba.com/stats/events/?CFID=&CFPARAMS=&GameEventID=649&GameID=0022400864&Season=2024-25&flag=1&title=Maxey%20Free%20Throw%20Technical%20(5%20PTS);[{'player': '0', 'action': 'Free Throw', 'result': True, 'assisted': False, 'other_player': None, 'color': 'white'}];1;791;Free Throw
https://www.nba.com/stats/events/?CFID=&CFPARAMS=&GameEventID=299&GameID=0022401221&Season=2024-25&flag=1&title=Butler%20Free%20Throw%201%20of%202%20(14%20PTS);[{'player': '4', 'action': 'Free Throw', 'result': True, 'assisted': False, 'other_player': None, 'color': 'red'}];1;772;Free Throw
https://www.nba.com/stats/events/?CFID=&CFPARAMS=&GameEventID=70&GameID=0022400917&Season=2024-25&flag=1&title=Antetokounmpo%20Free%20Throw%20Flagrant%201%20of%202%20(7%20PTS);[{'player': '34', 'action': 'Free Throw', 'result': True, 'assisted': False, 'other_player': None, 'color': 'white'}];1;700;Free Throw
https://www.nba.com/stats/events/?CFID=&CFPARAMS=&GameEventID=318&GameID=0022400365&Season=2024-25&flag=1&title=VanVleet%20Free%20Throw%202%20of%202%20(9%20PTS);[{'player': '5', 'action': 'Free Throw', 'result': True, 'assisted': False, 'other_player': None, 'color': 'red'}];1;685;Free Throw
https://www.nba.com/stats/events/?CFID=&CFPARAMS=&GameEventID=221&GameID=0022400384&Season=2024-25&flag=1&title=Jones%20Free%20Throw%202%20of%202%20(4%20PTS);[{'player': '2', 'action': 'Free Throw', 'result': True, 'assisted': False, 'other_player': None, 'color': 'red'}];1;815;Free Throw
https://www.nba.com/stats/events/?CFID=&CFPARAMS=&GameEventID=28&GameID=0022400862&Season=2024-25&flag=1&title=Sengun%20Free%20Throw%201%20of%202%20(3%20PTS);[{'player': '28', 'action': 'Free Throw', 'result': True, 'assisted': False, 'other_player': None, 'color': 'red'}];1;931;Free Throw
https://www.nba.com/stats/events/?CFID=&CFPARAMS=&GameEventID=536&GameID=0022400371&Season=2024-25&flag=1&title=Murray%20Free%20Throw%201%20of%202%20(15%20PTS);[{'player': '27', 'action': 'Free Throw', 'result': True, 'assisted': False, 'other_player': None, 'color': 'white'}];1;721;Free Throw
https://www.nba.com/stats/events/?CFID=&CFPARAMS=&GameEventID=570&GameID=0022400365&Season=2024-25&flag=1&title=McCollum%20Free%20Throw%201%20of%202%20(17%20PTS);[{'player': '3', 'action': 'Free Throw', 'result': True, 'assisted': False, 'other_player': None, 'color': 'blue'}];1;861;Free Throw
https://www.nba.com/stats/events/?CFID=&CFPARAMS=&GameEventID=504&GameID=0022400887&Season=2024-25&flag=1&title=Conley%20Free%20Throw%20Technical%20(12%20PTS);[{'player': '10', 'action': 'Free Throw', 'result': True, 'assisted': False, 'other_player': None, 'color': 'blue'}];1;801;Free Throw
https://www.nba.com/stats/events/?CFID=&CFPARAMS=&GameEventID=495&GameID=0022401220&Season=2024-25&flag=1&title=Edey%20Free%20Throw%201%20of%201%20(9%20PTS);[{'player': '14', 'action': 'Free Throw', 'result': True, 'assisted': False, 'other_player': None, 'color': 'blue'}];1;933;Free Throw
https://www.nba.com/stats/events/?CFID=&CFPARAMS=&GameEventID=705&GameID=0022400861&Season=2024-25&flag=1&title=Wilson%20Free%20Throw%201%20of%202%20(10%20PTS);[{'player': '22', 'action': 'Free Throw', 'result': True, 'assisted': False, 'other_player': None, 'color': 'white'}];1;849;Free Throw
https://www.nba.com/stats/events/?CFID=&CFPARAMS=&GameEventID=348&GameID=0022400886&Season=2024-25&flag=1&title=MISS%20Jones%20Free%20Throw%201%20of%202;[{'player': '30', 'action': 'Free Throw', 'result': False, 'assisted': False, 'other_player': None, 'color': 'white'}];1;793;Free Throw
https://www.nba.com/stats/events/?CFID=&CFPARAMS=&GameEventID=167&GameID=0022400367&Season=2024-25&flag=1&title=Bridges%20Free%20Throw%201%20of%201%20(11%20PTS);[{'player': '25', 'action': 'Free Throw', 'result': True, 'assisted': False, 'other_player': None, 'color': 'blue'}];1;749;Free Throw
https://www.nba.com/stats/events/?CFID=&CFPARAMS=&GameEventID=542&GameID=0022400374&Season=2024-25&flag=1&title=Thompson%20Free%20Throw%201%20of%202%20(1%20PTS);[{'player': '13', 'action': 'Free Throw', 'result': True, 'assisted': False, 'other_player': None, 'color': 'white'}];1;887;Free Throw
https://www.nba.com/stats/events/?CFID=&CFPARAMS=&GameEventID=378&GameID=0022401224&Season=2024-25&flag=1&title=Simmons%20Free%20Throw%202%20of%202%20(6%20PTS);[{'player': '10', 'action': 'Free Throw', 'result': True, 'assisted': False, 'other_player': None, 'color': 'gray'}];1;905;Free Throw
https://www.nba.com/stats/events/?CFID=&CFPARAMS=&GameEventID=502&GameID=0022400923&Season=2024-25&flag=1&title=Matkovi%C4%87%20Free%20Throw%202%20of%202%20(7%20PTS);[{'player': '17', 'action': 'Free Throw', 'result': True, 'assisted': False, 'other_player': None, 'color': 'blue'}];1;851;Free Throw
https://www.nba.com/stats/events/?CFID=&CFPARAMS=&GameEventID=220&GameID=0022400886&Season=2024-25&flag=1&title=Jerome%20Free%20Throw%201%20of%202%20(3%20PTS);[{'player': '2', 'action': 'Free Throw', 'result': True, 'assisted': False, 'other_player': None, 'color': 'black'}];1;872;Free Throw
https://www.nba.com/stats/events/?CFID=&CFPARAMS=&GameEventID=366&GameID=0022400394&Season=2024-25&flag=1&title=MISS%20C.%20Martin%20Free%20Throw%201%20of%202;[{'player': '16', 'action': 'Free Throw', 'result': False, 'assisted': False, 'other_player': None, 'color': 'white'}];1;794;Free Throw
https://www.nba.com/stats/events/?CFID=&CFPARAMS=&GameEventID=394&GameID=0022400861&Season=2024-25&flag=1&title=Claxton%20Free%20Throw%202%20of%202%20(7%20PTS);[{'player': '33', 'action': 'Free Throw', 'result': True, 'assisted': False, 'other_player': None, 'color': 'white'}];1;789;Free Throw
https://www.nba.com/stats/events/?CFID=&CFPARAMS=&GameEventID=674&GameID=0022401228&Season=2024-25&flag=1&title=Thompson%20Free%20Throw%203%20of%203%20(28%20PTS);[{'player': '31', 'action': 'Free Throw', 'result': True, 'assisted': False, 'other_player': None, 'color': 'white'}];1;736;Free Throw
https://www.nba.com/stats/events/?CFID=&CFPARAMS=&GameEventID=439&GameID=0022400874&Season=2024-25&flag=1&title=Harden%20Free%20Throw%201%20of%201%20(11%20PTS);[{'player': '1', 'action': 'Free Throw', 'result': True, 'assisted': False, 'other_player': None, 'color': 'blue'}];1;682;Free Throw
https://www.nba.com/stats/events/?CFID=&CFPARAMS=&GameEventID=300&GameID=0022400363&Season=2024-25&flag=1&title=Porzingis%20Free%20Throw%201%20of%202%20(11%20PTS);[{'player': '8', 'action': 'Free Throw', 'result': True, 'assisted': False, 'other_player': None, 'color': 'white'}];1;706;Free Throw
https://www.nba.com/stats/events/?CFID=&CFPARAMS=&GameEventID=604&GameID=0022400860&Season=2024-25&flag=1&title=Champagnie%20Free%20Throw%201%20of%202%20(10%20PTS);[{'player': '9', 'action': 'Free Throw', 'result': True, 'assisted': False, 'other_player': None, 'color': 'white'}];1;884;Free Throw
https://www.nba.com/stats/events/?CFID=&CFPARAMS=&GameEventID=191&GameID=0022400923&Season=2024-25&flag=1&title=MISS%20Morant%20Free%20Throw%201%20of%202;[{'player': '12', 'action': 'Free Throw', 'result': False, 'assisted': False, 'other_player': None, 'color': 'white'}];1;909;Free Throw
https://www.nba.com/stats/events/?CFID=&CFPARAMS=&GameEventID=468&GameID=0022400901&Season=2024-25&flag=1&title=Wilson%20Free%20Throw%202%20of%202%20(9%20PTS);[{'player': '22', 'action': 'Free Throw', 'result': True, 'assisted': False, 'other_player': None, 'color': 'black'}];1;760;Free Throw
https://www.nba.com/stats/events/?CFID=&CFPARAMS=&GameEventID=522&GameID=0022400371&Season=2024-25&flag=1&title=Henderson%20Free%20Throw%202%20of%202%20(7%20PTS);[{'player': '00', 'action': 'Free Throw', 'result': True, 'assisted': False, 'other_player': None, 'color': 'black'}];1;742;Free Throw
https://www.nba.com/stats/events/?CFID=&CFPARAMS=&GameEventID=615&GameID=0022400865&Season=2024-25&flag=1&title=Irving%20Free%20Throw%201%20of%203%20(29%20PTS);[{'player': '11', 'action': 'Free Throw', 'result': True, 'assisted': False, 'other_player': None, 'color': 'white'}];1;820;Free Throw
https://www.nba.com/stats/events/?CFID=&CFPARAMS=&GameEventID=327&GameID=0022401217&Season=2024-25&flag=1&title=Celtics%20Rebound;[{'player': '40', 'action': 'Free Throw', 'result': False, 'assisted': False, 'other_player': None, 'color': 'green'}];1;773;Free Throw
https://www.nba.com/stats/events/?CFID=&CFPARAMS=&GameEventID=501&GameID=0022401226&Season=2024-25&flag=1&title=Harden%20Free%20Throw%201%20of%201%20(41%20PTS);[{'player': '1', 'action': 'Free Throw', 'result': True, 'assisted': False, 'other_player': None, 'color': 'red'}];1;835;Free Throw
https://www.nba.com/stats/events/?CFID=&CFPARAMS=&GameEventID=714&GameID=0022400433&Season=2024-25&flag=1&title=Maxey%20Free%20Throw%201%20of%202%20(31%20PTS);[{'player': '0', 'action': 'Free Throw', 'result': True, 'assisted': False, 'other_player': None, 'color': 'white'}];1;695;Free Throw
https://www.nba.com/stats/events/?CFID=&CFPARAMS=&GameEventID=596&GameID=0022401223&Season=2024-25&flag=1&title=White%20Free%20Throw%201%20of%202%20(14%20PTS);[{'player': '0', 'action': 'Free Throw', 'result': True, 'assisted': False, 'other_player': None, 'color': 'black'}];1;743;Free Throw
https://www.nba.com/stats/events/?CFID=&CFPARAMS=&GameEventID=481&GameID=0022400874&Season=2024-25&flag=1&title=MISS%20Leonard%20Free%20Throw%20Technical;[{'player': '2', 'action': 'Free Throw', 'result': False, 'assisted': False, 'other_player': None, 'color': 'blue'}];1;790;Free Throw
https://www.nba.com/stats/events/?CFID=&CFPARAMS=&GameEventID=672&GameID=0022401225&Season=2024-25&flag=1&title=Tyson%20Free%20Throw%202%20of%202%20(7%20PTS);[{'player': '5', 'action': 'Free Throw', 'result': True, 'assisted': False, 'other_player': None, 'color': 'white'}];1;780;Free Throw
https://www.nba.com/stats/events/?CFID=&CFPARAMS=&GameEventID=470&GameID=0062400001&Season=2024-25&flag=1&title=Antetokounmpo%20Free%20Throw%201%20of%201%20(24%20PTS);[{'player': '34', 'action': 'Free Throw', 'result': True, 'assisted': False, 'other_player': None, 'color': 'black'}];1;826;Free Throw
https://www.nba.com/stats/events/?CFID=&CFPARAMS=&GameEventID=283&GameID=0022401224&Season=2024-25&flag=1&title=Sharpe%20Free%20Throw%201%20of%202%20(3%20PTS);[{'player': '20', 'action': 'Free Throw', 'result': True, 'assisted': False, 'other_player': None, 'color': 'gray'}];1;758;Free Throw
https://www.nba.com/stats/events/?CFID=&CFPARAMS=&GameEventID=294&GameID=0022401222&Season=2024-25&flag=1&title=Richards%20Free%20Throw%201%20of%202%20(7%20PTS);[{'player': '4', 'action': 'Free Throw', 'result': True, 'assisted': False, 'other_player': None, 'color': 'blue'}];1;889;Free Throw
https://www.nba.com/stats/events/?CFID=&CFPARAMS=&GameEventID=551&GameID=0022400382&Season=2024-25&flag=1&title=Rollins%20Free%20Throw%202%20of%202%20(12%20PTS);[{'player': '13', 'action': 'Free Throw', 'result': True, 'assisted': False, 'other_player': None, 'color': 'green'}];1;691;Free Throw
https://www.nba.com/stats/events/?CFID=&CFPARAMS=&GameEventID=347&GameID=0022400374&Season=2024-25&flag=1&title=Wade%20Free%20Throw%201%20of%201%20(15%20PTS);[{'player': '32', 'action': 'Free Throw', 'result': True, 'assisted': False, 'other_player': None, 'color': 'white'}];1;722;Free Throw
https://www.nba.com/stats/events/?CFID=&CFPARAMS=&GameEventID=621&GameID=0022400873&Season=2024-25&flag=1&title=A.%20Edwards%20Free%20Throw%20Clear%20Path%202%20of%202%20(42%20PTS);[{'player': '5', 'action': 'Free Throw', 'result': True, 'assisted': False, 'other_player': None, 'color': 'white'}];1;912;Free Throw
https://www.nba.com/stats/events/?CFID=&CFPARAMS=&GameEventID=644&GameID=0022400870&Season=2024-25&flag=1&title=Banchero%20Free%20Throw%202%20of%202%20(12%20PTS);[{'player': '5', 'action': 'Free Throw', 'result': True, 'assisted': False, 'other_player': None, 'color': 'white'}];1;918;Free Throw
https://www.nba.com/stats/events/?CFID=&CFPARAMS=&GameEventID=364&GameID=0022400378&Season=2024-25&flag=1&title=Johnson%20Free%20Throw%202%20of%202%20(13%20PTS);[{'player': '1', 'action': 'Free Throw', 'result': True, 'assisted': False, 'other_player': None, 'color': 'white'}];1;709;Free Throw
https://www.nba.com/stats/events/?CFID=&CFPARAMS=&GameEventID=497&GameID=0022400398&Season=2024-25&flag=1&title=Prince%20Free%20Throw%202%20of%202%20(4%20PTS);[{'player': '12', 'action': 'Free Throw', 'result': True, 'assisted': False, 'other_player': None, 'color': 'green'}];1;830;Free Throw
https://www.nba.com/stats/events/?CFID=&CFPARAMS=&GameEventID=471&GameID=0022400910&Season=2024-25&flag=1&title=Fox%20Free%20Throw%201%20of%201%20(14%20PTS);[{'player': '4', 'action': 'Free Throw', 'result': True, 'assisted': False, 'other_player': None, 'color': 'white'}];1;753;Free Throw
https://www.nba.com/stats/events/?CFID=&CFPARAMS=&GameEventID=391&GameID=0022401225&Season=2024-25&flag=1&title=Fox%20Free%20Throw%201%20of%202%20(11%20PTS);[{'player': '5', 'action': 'Free Throw', 'result': True, 'assisted': False, 'other_player': None, 'color': 'black'}];1;920;Free Throw
https://www.nba.com/stats/events/?CFID=&CFPARAMS=&GameEventID=99&GameID=0022400368&Season=2024-25&flag=1&title=Grimes%20Free%20Throw%203%20of%203%20(6%20PTS);[{'player': '5', 'action': 'Free Throw', 'result': True, 'assisted': False, 'other_player': None, 'color': 'white'}];1;692;Free Throw
https://www.nba.com/stats/events/?CFID=&CFPARAMS=&GameEventID=400&GameID=0022401221&Season=2024-25&flag=1&title=Butler%20Free%20Throw%202%20of%202%20(23%20PTS);[{'player': '4', 'action': 'Free Throw', 'result': True, 'assisted': False, 'other_player': None, 'color': 'red'}];1;686;Free Throw
https://www.nba.com/stats/events/?CFID=&CFPARAMS=&GameEventID=216&GameID=0022400865&Season=2024-25&flag=1&title=Irving%20Free%20Throw%202%20of%202%20(12%20PTS);[{'player': '11', 'action': 'Free Throw', 'result': True, 'assisted': False, 'other_player': None, 'color': 'white'}];1;828;Free Throw
https://www.nba.com/stats/events/?CFID=&CFPARAMS=&GameEventID=438&GameID=0022400910&Season=2024-25&flag=1&title=Champagnie%20Free%20Throw%20Technical%20(1%20PTS);[{'player': '30', 'action': 'Free Throw', 'result': True, 'assisted': False, 'other_player': None, 'color': 'white'}];1;755;Free Throw
https://www.nba.com/stats/events/?CFID=&CFPARAMS=&GameEventID=658&GameID=0022401222&Season=2024-25&flag=1&title=George%20Free%20Throw%201%20of%201%20(33%20PTS);[{'player': '8', 'action': 'Free Throw', 'result': True, 'assisted': False, 'other_player': None, 'color': 'white'}];1;777;Free Throw
https://www.nba.com/stats/events/?CFID=&CFPARAMS=&GameEventID=226&GameID=0022400917&Season=2024-25&flag=1&title=MISS%20Banchero%20Free%20Throw%201%20of%202;[{'player': '5', 'action': 'Free Throw', 'result': False, 'assisted': False, 'other_player': None, 'color': 'black'}];1;939;Free Throw
https://www.nba.com/stats/events/?CFID=&CFPARAMS=&GameEventID=582&GameID=0022400394&Season=2024-25&flag=1&title=Vassell%20Free%20Throw%202%20of%202%20(15%20PTS);[{'player': '24', 'action': 'Free Throw', 'result': True, 'assisted': False, 'other_player': None, 'color': 'black'}];1;701;Free Throw
https://www.nba.com/stats/events/?CFID=&CFPARAMS=&GameEventID=431&GameID=0022400874&Season=2024-25&flag=1&title=Harden%20Free%20Throw%201%20of%202%20(6%20PTS);[{'player': '1', 'action': 'Free Throw', 'result': True, 'assisted': False, 'other_player': None, 'color': 'blue'}];1;754;Free Throw
https://www.nba.com/stats/events/?CFID=&CFPARAMS=&GameEventID=275&GameID=0022400879&Season=2024-25&flag=1&title=Wiggins%20REBOUND%20(Off:1%20Def:2);[{'player': '21', 'action': 'Rebound', 'result': None, 'assisted': None, 'other_player': None, 'color': 'white'}];1;946;Rebound
https://www.nba.com/stats/events/?CFID=&CFPARAMS=&GameEventID=149&GameID=0022400394&Season=2024-25&flag=1&title=C.%20Martin%20REBOUND%20(Off:1%20Def:0);[{'player': '16', 'action': 'Rebound', 'result': None, 'assisted': None, 'other_player': None, 'color': 'white'}];1;941;Rebound
https://www.nba.com/stats/events/?CFID=&CFPARAMS=&GameEventID=79&GameID=0022400374&Season=2024-25&flag=1&title=Antetokounmpo%20Out%20of%20Bounds%20-%20Bad%20Pass%20Turnover%20Turnover%20(P2.T3);[{'player': '34', 'action': 'Turnover', 'result': None, 'assisted': None, 'other_player': None, 'color': 'black'}];1;991;Turnover
https://www.nba.com/stats/events/?CFID=&CFPARAMS=&GameEventID=318&GameID=0022401220&Season=2024-25&flag=1&title=Pippen%20Jr.%20Offensive%20Goaltending%20Turnover%20(P3.T10);[{'player': '1', 'action': 'Turnover', 'result': None, 'assisted': None, 'other_player': None, 'color': 'blue'}];1;977;Turnover
https://www.nba.com/stats/events/?CFID=&CFPARAMS=&GameEventID=628&GameID=0022400378&Season=2024-25&flag=1&title=Jackson%20Jr.%20Out%20of%20Bounds%20Lost%20Ball%20Turnover%20(P3.T16);[{'player': '13', 'action': 'Turnover', 'result': None, 'assisted': None, 'other_player': None, 'color': 'blue'}];1;978;Turnover
https://www.nba.com/stats/events/?CFID=&CFPARAMS=&GameEventID=71&GameID=0022401226&Season=2024-25&flag=1&title=George%20Traveling%20Turnover%20(P1.T3);[{'player': '3', 'action': 'Turnover', 'result': None, 'assisted': None, 'other_player': None, 'color': 'white'}];1;995;Turnover
https://www.nba.com/stats/events/?CFID=&CFPARAMS=&GameEventID=476&GameID=0022400901&Season=2024-25&flag=1&title=Watford%20Out%20of%20Bounds%20Lost%20Ball%20Turnover%20(P2.T9);[{'player': '9', 'action': 'Turnover', 'result': None, 'assisted': None, 'other_player': None, 'color': 'black'}];1;987;Turnover
https://www.nba.com/stats/events/?CFID=&CFPARAMS=&GameEventID=143&GameID=0022400863&Season=2024-25&flag=1&title=Edey%203%20Second%20Violation%20Turnover%20(P1.T5);[{'player': '14', 'action': 'Turnover', 'result': None, 'assisted': None, 'other_player': None, 'color': 'red'}];1;993;Turnover
https://www.nba.com/stats/events/?CFID=&CFPARAMS=&GameEventID=413&GameID=0022401222&Season=2024-25&flag=1&title=Maxey%20Traveling%20Turnover%20(P2.T11);[{'player': '0', 'action': 'Turnover', 'result': None, 'assisted': None, 'other_player': None, 'color': 'white'}];1;956;Turnover
https://www.nba.com/stats/events/?CFID=&CFPARAMS=&GameEventID=472&GameID=0022400901&Season=2024-25&flag=1&title=Santos%20Out%20of%20Bounds%20-%20Bad%20Pass%20Turnover%20Turnover%20(P1.T13);[{'player': '15', 'action': 'Turnover', 'result': None, 'assisted': None, 'other_player': None, 'color': 'white'}];1;964;Turnover
https://www.nba.com/stats/events/?CFID=&CFPARAMS=&GameEventID=586&GameID=0022401227&Season=2024-25&flag=1&title=Hart%20Out%20of%20Bounds%20-%20Bad%20Pass%20Turnover%20Turnover%20(P5.T16);[{'player': '3', 'action': 'Turnover', 'result': None, 'assisted': None, 'other_player': None, 'color': 'blue'}];1;960;Turnover
